CountryCode,AG.LND.IRIG.AG.ZS,AG.LND.AGRI.ZS,NV.AGR.TOTL.KD.ZG,AG.LND.ARBL.ZS,ER.FSH.CAPT.MT,AG.PRD.CREL.MT,AG.YLD.CREL.KG,AG.PRD.CROP.XD,TX.VAL.FOOD.ZS.UN,TM.VAL.FOOD.ZS.UN,AG.PRD.FOOD.XD,AG.LND.FRST.ZS,AG.LND.EL5M.ZS,AG.LND.CREL.HA,ER.FSH.PROD.MT
ARB,0.0539557274284096,0.3850718454465066,0.43494816770961386,0.05832575413998311,0.02755294412070861,0.019426691797625094,0.02411006600229814,0.20038030981126245,0.025347142869182784,0.24979614949431111,0.09845062421863347,0.029058701401365617,0.010447454202374383,0.04100993544192523,0.018292840457835077
CSS,0.0539557274284096,0.06527717200976767,0.41901097914539204,0.02524413253850378,0.005485624906909602,0.0003409902163654157,0.0540139701794022,0.1866116859745122,0.11212566075048314,0.30670914446547287,0.09002289347869372,0.8619390537817109,0.07158158328336953,0.00032750394380190906,0.002635887542711097
CEB,0.0539557274284096,0.5270379867469529,0.4425786723136164,0.46563692746471,0.007087708932204302,0.03172108422966911,0.0536416761056351,0.18330871715993663,0.08122517453799699,0.13172071456877565,0.08792385356336407,0.34120794467870813,0.025359039980778226,0.030674593818348785,0.003857193424653379
EAR,0.0539557274284096,0.4557898904306927,0.4143443172574238,0.17921731242702835,0.3435769533865538,0.27337700013179755,0.04143925973731778,0.2251691218840903,0.10454289959306381,0.16790981254468632,0.1081899257872853,0.22467288067742047,0.019530889553451825,0.3406333767414448,0.25869408708482766
EAS,0.0539557274284096,0.537312408736554,0.4177676243858294,0.13138944301106692,0.42400752150091015,0.2937356503690766,0.06319594350202772,0.22573188283227344,0.05328796105314736,0.10562511410302215,0.10619441577931461,0.2648530219473737,0.026348623858628246,0.2416737421043233,0.5503668098129386
EAP,0.0539557274284096,0.52689339120982,0.41980446149911016,0.15420526096482648,0.3466136544754153,0.2724284212197758,0.06726965585487736,0.2281063707921767,0.06501938514378648,0.10123150652505496,0.10825092378915903,0.2995922371578875,0.03353735656292698,0.21073941711503477,0.49896601355472125
TEA,0.0539557274284096,0.5290825827806325,0.41980496536551953,0.15332845912632054,0.34426148355278335,0.2707630587584477,0.06744125975737202,0.22847329159219892,0.06501938514378648,0.10125010308131983,0.10840098627019124,0.29834010916834713,0.03354694008991044,0.20892487947668423,0.49530278591200816
EMU,0.0539557274284096,0.4909540828465635,0.4002714245252225,0.33512016273061157,0.03602835983949866,0.06398114790182771,0.07398083805647511,0.1802038315966335,0.09401270419647534,0.16809824796824707,0.08917987955572129,0.3834139654577233,0.05082057751711279,0.04505438181084848,0.02162344124598238
ECS,0.0539557274284096,0.32280014579116567,0.4281659621758345,0.16806015421909815,0.1523001607421503,0.19276610830308308,0.04753949692171213,0.1963300404470621,0.08435088235319495,0.1636593885506108,0.09493928942501148,0.383802228034767,0.022982133147320522,0.2099112837616335,0.08656437492876
ECA,0.0539557274284096,0.30755923454290596,0.4577147949505956,0.14485014597579016,0.05425872023282876,0.09848176833222873,0.036197429608669396,0.21737780477941893,0.059955065268796744,0.16863901940830114,0.10567412492448519,0.3927682869065034,0.014272682160613066,0.14007000730180202,0.027889666850382137
TEC,0.0539557274284096,0.31054215803950064,0.45425994598758757,0.14956895789290678,0.056351374504708,0.10788660516132045,0.0368553202720856,0.21422504169450404,0.06810413032205068,0.16341699988721406,0.10377128080215939,0.39164769147575584,0.014380997116164057,0.1507695470065561,0.029027865090950268
EUU,0.0539557274284096,0.48549300504562753,0.4081387892744154,0.35105317680121867,0.05494488590648934,0.10464969960313643,0.06836408678155469,0.1812145430397947,0.09029238739271495,0.16496738560227056,0.08915436746293881,0.38048266841772255,0.0465691058752434,0.07967246633603998,0.03230370089338031
FCS,0.0539557274284096,0.3373552471116866,0.40889574653510247,0.08406254765099054,0.04106436457225121,0.025247487410778056,0.019149901504195033,0.21248758938719217,0.07906085721012265,0.2705736251624779,0.10366071868947131,0.2517435270223222,0.010830524306903391,0.06651437784107263,0.02388293298626421
HPC,0.0539557274284096,0.4090453440717472,0.410007489555776,0.1124161415001706,0.042104246582495626,0.03363682774747972,0.015831996933014035,0.2308827051414142,0.30732622990362124,0.3022731210214253,0.1108167008173136,0.28755189602150555,0.008066906139840008,0.10623798353118709,0.021070979700743477
HIC,0.0539557274284096,0.39963258714324285,0.39055086333098976,0.13870143256816064,0.2815894158716494,0.27326702685320636,0.07088613297847209,0.18399269534557228,0.07690842471917818,0.13813713753765106,0.09153725216562449,0.2902896022582808,0.026356835820645186,0.20073121486429088,0.16833184642793111
IBD,0.0539557274284096,0.39945158468727543,0.424307622719779,0.15453643434741654,0.6288139714539139,0.5548329367364105,0.0489098764300755,0.2273125363464469,0.08934278858327305,0.13154008801527417,0.10775260122904183,0.3426643299374836,0.018318817694110548,0.5875456002907963,0.6629884656162768
IBT,0.0539557274284096,0.41423995593298113,0.421626723088252,0.15124967039320392,0.738161808059944,0.6540408740668845,0.04284992089613069,0.22544904583720238,0.09304136749302745,0.14424253304302545,0.1074730367651634,0.3180775068841715,0.01697722089770063,0.7886418477295102,0.7308590811629752
IDB,0.0539557274284096,0.5855723447176934,0.40900356986633496,0.20416817854351274,0.019190720095544317,0.02672585013282422,0.025873539951414438,0.19262819733680953,0.08441927753555312,0.39769646700765005,0.09848242692251043,0.20950472796993413,0.06758484116799847,0.05269619964415295,0.011181687376403623
IDX,0.0539557274284096,0.41468104144897955,0.40660515007280285,0.12463014467569496,0.09015709540539409,0.07248208719764977,0.024885577271930633,0.23113590612268237,0.2606720419309661,0.3328135418882386,0.11095888517065139,0.2659668074999555,0.012818257707212628,0.14840004779456098,0.056688918157334296
IDA,0.0539557274284096,0.4532474058582739,0.40777682797627496,0.14258012947672974,0.10934782605348431,0.09920793733047399,0.025144467625490944,0.21582734630872016,0.16574556303138518,0.3580226628788125,0.10591531674051656,0.253224572565757,0.012295402059547302,0.20109624743871393,0.06787061054021812
LTE,0.0539557274284096,0.38680661565975166,0.4297361753238271,0.12575598911105051,0.36425563202953315,0.32427468106911,0.05478824793428241,0.22684397084808497,0.07570386192789386,0.12667885375924104,0.1070421667660075,0.39359005728806185,0.01867197097153618,0.3071144820060682,0.4585349381264613
LCN,0.0539557274284096,0.4087954089300684,0.4103324529164744,0.11465047701994392,0.1760101828831236,0.06907971347466534,0.0504920409727469,0.22687013116856414,0.20052338575067946,0.13834543223081636,0.10664606589535151,0.47214161886831413,0.01799829597499479,0.07089827166509804,0.09463352803403269
LAC,0.0539557274284096,0.411436486100945,0.407550636014554,0.11759943863742657,0.13748579252350643,0.06610365123124504,0.049870403186108886,0.22725924333543462,0.19779359930698387,0.13578667522682336,0.10697610969562982,0.48513984257941134,0.01763810225667476,0.06867533552758942,0.07150165666840115
TLA,0.0539557274284096,0.4077467565894695,0.41050100761545083,0.11303470976662268,0.17525649895001874,0.06875251528780904,0.05060299365869529,0.22838391630997834,0.19950142824364347,0.13664654048142272,0.1069685720621287,0.4731175594754491,0.01662066825702344,0.07041031075013342,0.09415259403132786
LDC,0.0539557274284096,0.41054122540297516,0.4047254523370291,0.11757564188314472,0.08570481800296995,0.0681173812060235,0.024568502675181944,0.23890131125906577,0.09579329937309078,0.3311285118692432,0.11423207143176793,0.2755120919542601,0.011400746884787484,0.1412033517080198,0.054097584533523445
LMY,0.0539557274284096,0.41453666526258953,0.4215438062400078,0.15148249229526997,0.6991082153324417,0.642657419053108,0.04271621309620595,0.22551654724589842,0.09042080540370562,0.1441648452581234,0.10763232548487059,0.3193406614632334,0.017205865515710735,0.7772936669602026,0.7099380387103101
LIC,0.0539557274284096,0.4294190049052922,0.40135615155306487,0.1281102584647189,0.0314913295697243,0.03144584502065147,0.017301731425964494,0.2284196843553079,0.20412128539282398,0.2975628373766109,0.11009935262208058,0.28290067400779945,0.06758484116799847,0.09127711099957704,0.018261172292765124
LMC,0.0539557274284096,0.4839536752093956,0.42055890141688845,0.2388344106934665,0.25652712136961786,0.26171818847114764,0.03981086920469663,0.22756604750741008,0.13216878282699496,0.1991814862544038,0.10909121754386815,0.2615260834396693,0.025260923708864336,0.3391659148245248,0.2277827908070914
MEA,0.0539557274284096,0.3638799465679476,0.4216974307927137,0.06359133436307492,0.027359399876399067,0.02274152358206552,0.029939387857580144,0.19533357811971577,0.0260435615547747,0.23565403627140466,0.09600668890812315,0.020824893105377915,0.012554543081390583,0.03891918747033953,0.01954378325066906
MNA,0.0539557274284096,0.24848135536974925,0.4224591171972593,0.07700768516341507,0.023880995829780996,0.022087526355143702,0.02942448332263199,0.1979834558491856,0.05310797451249225,0.34585777468822937,0.0966626937484257,0.025369539418225895,0.012441388171017224,0.03844282490252547,0.017693502577648814
TMN,0.0539557274284096,0.2483239748738572,0.42175735588576246,0.07699203773980831,0.023867087574287838,0.022078727740686453,0.029429464992918892,0.19835710807824783,0.05295345492427712,0.3448455648883167,0.09688853737684204,0.02537648933319041,0.012448876684987559,0.0384211890710057,0.017685957811990734
MIC,0.0539557274284096,0.41198084075744634,0.42228140224617455,0.15537590267580542,0.668376659147958,0.6122154892363626,0.04612347607391371,0.22537281098495562,0.08891321639562151,0.14224413233825123,0.1075154484607978,0.32535573717558697,0.01828601602880676,0.6867663952725054,0.6921016415303161
NAC,0.0539557274284096,0.2804335150916887,0.3531127036180898,0.14686935998673106,0.06335478666114833,0.15404539826270902,0.08261403666092357,0.18527261593340374,0.10184346307773579,0.09557018945614666,0.09461510296010342,0.3637313613282993,0.02598746949076818,0.09725631470984823,0.032896290914393986
INX,0.0539557274284096,0.40114077284113697,0.37041084083455633,0.18055639361262507,0.0372526224466655,0.034259334300438773,0.039730871183926424,0.19125287021094592,0.20412128539282398,0.2496856407475546,0.09356355247884385,0.3092445030900055,0.06758484116799847,0.03886170037490708,0.034321753774411656
OED,0.0539557274284096,0.390808583496237,0.3903753187785944,0.15511624342850747,0.2782144185227378,0.2918850160305742,0.06732816821299174,0.1852035977047918,0.08130488672907195,0.1389661232269605,0.0922978862702987,0.3155591075396596,0.02538577379544612,0.22559584907423363,0.16625694106925012
OSS,0.0539557274284096,0.44651489044597564,0.40836586714581397,0.029119165565121286,0.021601627069032847,0.0007346724214759237,0.017787911706548205,0.19244435033004614,0.05155883703218947,0.23485765987589827,0.09482673468956317,0.26264125700398494,0.014999546965557218,0.002076906750562829,0.010334706791907606
PSS,0.0539557274284096,0.1454014081442443,0.37041084083455633,0.05062380177581782,0.0038451864822171503,4.519051265857131e-06,0.025396005244243236,0.1813877749448941,0.6292415267238989,0.4491351167858458,0.08891219504384885,0.622895439761116,0.04948893788201767,9.072688191752709e-06,0.0018870960854917157
PST,0.0539557274284096,0.3856278050631847,0.38949190486164176,0.1643958631849402,0.2066177207257042,0.2837843294282345,0.06947558312216855,0.1873394044073545,0.07919193442779886,0.13495092225442457,0.09237757627340872,0.3190301832539502,0.025364754298144932,0.21263770211123173,0.1258002595324159
PRE,0.0539557274284096,0.43555317617915845,0.4107823896899872,0.12355089462755652,0.04945865350006495,0.03485403422367819,0.014711839546789285,0.20748493994714548,0.0689895960570493,0.2631908058713894,0.10245086897035564,0.2674486906812885,0.008295027325190508,0.11800482207624656,0.025432903459168713
SST,0.0539557274284096,0.3770378513470752,0.4126979484245526,0.02904344274666484,0.030932459563251392,0.0010801816891071966,0.02273230161405983,0.18939793414412143,0.06517502963747682,0.2502163758466801,0.09304366292572974,0.36895328820643086,0.028570694552471094,0.0024134833825564905,0.014857700433070815
SAS,0.0539557274284096,0.6236520756641982,0.4224585613698106,0.5946271275133184,0.07346251910099594,0.1398721434763219,0.038964963175258556,0.2384231667561918,0.10091835804267373,0.10731573902080585,0.11305463191500727,0.17554620698380002,0.03193709324095378,0.18511380546492798,0.06182430914736396
TSA,0.0539557274284096,0.6236520756641982,0.4224585613698106,0.5946271275133184,0.07346251910099594,0.1398721434763219,0.038964963175258556,0.2384231667561918,0.10091835804267373,0.10731573902080585,0.11305463191500727,0.17554620698380002,0.03193709324095378,0.18511380546492798,0.06182430914736396
SSF,0.0539557274284096,0.46214549594095283,0.4106542405600889,0.12129014821474109,0.06496279161442076,0.04468782364229897,0.016590729749445927,0.21198608872249153,0.10362661441462291,0.2936774056298405,0.10437792292525763,0.26480171346569464,0.005983593857488773,0.13500211596020273,0.03286554413693315
SSA,0.0539557274284096,0.46215389723400446,0.41065381448653493,0.12129246431618453,0.06416626434497127,0.04468782364229897,0.016590729749445927,0.2119870592797747,0.10329178675393384,0.29370858578339354,0.10437838811834965,0.2647894612300006,0.005976323605417429,0.13500211596020273,0.032487644998643046
TSS,0.0539557274284096,0.46214549594095283,0.4106542405600888,0.12129014821474109,0.06496279161442076,0.04468782364229897,0.016590729749445927,0.21198608872249153,0.10362661441462291,0.2936774056298405,0.10437792292525763,0.26480171346569464,0.005983593857488773,0.13500211596020273,0.03286554413693315
UMC,0.0539557274284096,0.383349932902871,0.4234668840531159,0.12217594710370526,0.4118495272257942,0.350497300765215,0.05228290681165702,0.22391809022770767,0.07836201783299772,0.12389059806188421,0.10659505364203299,0.3507472748080622,0.015837284749052057,0.3476004804479806,0.46431884571674437
WLD,0.0539557274284096,0.4104463426259928,0.4141200973405869,0.14806211590169177,0.9832950354845015,0.9169283611102205,0.04851409014246126,0.21578013365028814,0.08128415647852393,0.1400636425829246,0.1029952142799842,0.3126714277006274,0.019944803669760387,0.9787747211363733,0.8802204887204245
AFG,0.0947207808138982,0.6400285429846476,0.32761707880303675,0.16426009809441802,1.0541993351792945e-05,0.0016608125427104142,0.02153558557586482,0.208127188837623,0.39193028129438334,0.26707995071906193,0.09719492257104544,0.02090606903183995,0.06758484116799847,0.003909087960388485,1.0258277925285803e-05
ALB,0.29885118167562175,0.48227475143474424,0.42473306193164034,0.31248128808064657,5.069654100168535e-05,0.00024878375972513304,0.06322293316644727,0.2716104285952527,0.04114885227723988,0.3186461917157739,0.10921799511361757,0.28608843328240086,0.08699585749677727,0.0002046019410870142,3.4175235126201045e-05
DZA,0.04189640224489375,0.18913973661717975,0.4783575575237813,0.043340418028742216,0.0010743863554815766,0.0013228022675856306,0.018602041476941666,0.25130172142235074,0.004890360511733549,0.44223911668409294,0.11820085603541708,0.008173920305659324,0.00044749872910532663,0.003582986852407822,0.0005209681714120998
ASM,0.0539557274284096,0.2680641804725814,0.37041084083455633,0.20647195996834614,5.170747489868411e-05,0.034259334300438773,0.039730871183926424,0.19926992421294495,0.20412128539282398,0.2496856407475546,0.09984936715836656,0.8937394685677255,0.06362799174066737,0.03886170037490708,2.463188257316064e-05
AND,0.0539557274284096,0.47753380916713506,0.37041084083455633,0.0761329726059099,0.0372526224466655,0.034259334300438773,0.039730871183926424,0.19125287021094592,0.006684969197771157,0.43452229036162293,0.09356355247884385,0.344176169661202,0.06758484116799847,0.03886170037490708,0.034321753774411656
AGO,0.0539557274284096,0.5208882658455601,0.37041084083455633,0.051877553610733124,0.0036089601444642995,0.0005012666345085865,0.008081745398044841,0.3684659143550689,0.0003875167367917486,0.35835616160728284,0.16474089314253174,0.47323436529599494,0.002249912219409419,0.002956752347354991,0.0017137632300276515
ATG,0.0539557274284096,0.22323830147174697,0.49371075231866884,0.1251265858330565,3.22274751715472e-05,2.554539460954019e-08,0.020681823086385113,0.20069672207089517,0.5876127382816648,0.4647793834643764,0.07578485221448647,0.2251811700936785,0.23639297507308318,6.237906319768859e-08,1.5289790524071665e-05
ARG,0.025615320936523484,0.5969639259331344,0.36816657303655786,0.19505664060453834,0.008371408528459265,0.01797610791823107,0.061348162454951546,0.23119684251487022,0.5370214478794917,0.03451110470325226,0.10222826386465088,0.1045459529217744,0.015978465866684534,0.015229173199631732,0.003987662729165262
ARM,0.15994690682090695,0.6574929294735437,0.4972090868537825,0.21718218147441903,8.378721442766364e-06,0.00015450351375856201,0.03676438852802175,0.2186891989549169,0.19254533673400884,0.38158758127210185,0.10858423498723295,0.11761468052805893,0.06758484116799847,0.0002164387148791267,3.551597052317105e-05
ABW,0.0539557274284096,0.1197078693225022,0.37041084083455633,0.1529369701528135,1.7411700731189547e-06,0.034259334300438773,0.039730871183926424,0.19125287021094592,0.7807956562491609,0.5451161744680205,0.09356355247884385,0.02359040829552816,0.12652913597093374,0.03886170037490708,8.360821930320786e-07
AUS,0.008418079048994193,0.58748128426089,0.4154882884596258,0.0854154725873081,0.0017777038734306152,0.014183691144476542,0.027432346403677244,0.22224692867863696,0.11555194790373816,0.09235773333773258,0.09516505318074103,0.16255531596315193,0.010747937466929293,0.026424748442530985,0.001225273667693442
AUT,0.03371503550018479,0.3666492526980687,0.5042936236542136,0.22667822811887633,3.6828385182940317e-06,0.002138197781230554,0.09745031183236581,0.21620620008523728,0.0697789543821377,0.12764625124922385,0.09701122398368757,0.4729045645332581,0.06758484116799847,0.0011462055828476972,1.6287582027492583e-05
AZE,0.5174665489136635,0.6358492254747296,0.43279964815006483,0.314030651808074,1.1185698651552073e-05,0.0008576848500295751,0.033316968428321714,0.20338354920599624,0.02699892005146656,0.2685571332602819,0.11760383562650402,0.1265355830559479,0.06758484116799847,0.0013227355592943472,7.895219271925676e-06
BHS,0.0539557274284096,0.012087877483371222,0.3248903325697965,0.010981766674492901,0.000161580582785439,2.4374564023269595e-07,0.09772141176978354,0.24855930476031654,0.2353807520612161,0.3036790613411678,0.11186325477157082,0.5201538578077783,0.946732428174645,1.303029320129495e-07,7.665922478866579e-05
BHR,0.0539557274284096,0.12083149500000963,0.39979641809562955,0.02869670695640187,0.00010461794002970496,0.034259334300438773,0.039730871183926424,0.19100561454222026,0.016928928092029265,0.15203259991193077,0.13987728934364493,0.0071179849951118835,0.607966732353007,0.03886170037490708,4.965138686915551e-05
BGD,0.898132152784477,0.7735998956998006,0.4222457368424288,0.8119674476172588,0.016893750120893197,0.018672197923917902,0.05783600207168907,0.24609483573294794,0.03864674998908669,0.3763141113922817,0.11620772636258428,0.11179677246430501,0.17245119663180664,0.01676584953887449,0.01564362851853116
BRB,0.0539557274284096,0.35735283362736675,0.37041084083455633,0.3521369322571204,1.930060644687617e-05,9.508563549106626e-08,0.039362092405964735,0.1438656957029296,0.31543401604195237,0.35817683456756816,0.080983522236714,0.14812581953006101,0.012807583022625746,1.2475812639537718e-07,9.209420323847357e-06
BLR,0.006057350202912383,0.4812385703841429,0.43966853280148394,0.37508699442307275,1.1829403951311201e-05,0.0028390821607695927,0.04283648762381579,0.18561343042970707,0.09165275533176163,0.12187807257172341,0.11197347392398552,0.42620583408362356,0.0,0.003424463632204238,8.718284616443483e-05
BEL,0.007492651115117049,0.4853718555385675,0.3936929003505919,0.3750480762283903,0.0002371790215964947,0.0010427850053845666,0.12065700597768615,0.18142568606741158,0.08856649360404682,0.15560408163917056,0.09088487609530282,0.22759245957582333,0.137642528515426,0.0004522357323706028,0.00011303130342566011
BLZ,0.0539557274284096,0.07285745681205842,0.35312852502577446,0.04524336002724815,0.002927413415116052,3.2558669821301034e-05,0.04170757892919571,0.1534270943354272,0.5356213424478383,0.23660658000544318,0.07301100354538274,0.6144867730069162,0.10833960993820967,4.031350924255955e-05,0.001414405753080585
BEN,0.0539557274284096,0.3434720893462096,0.4030032584806179,0.3149553957233602,0.00040993475048758807,0.0005478894632510288,0.019619003431235026,0.23495840050401173,0.38109954524082307,0.6647276279284539,0.11641897973804581,0.4044607959552311,0.01781508201950506,0.0014103698258786733,0.00019648932832293408
BMU,0.0539557274284096,0.06307392481707796,0.35554119771018355,0.08257669782382811,5.033564393198433e-06,0.034259334300438773,0.039730871183926424,0.2072006967220709,0.23569719089340577,0.325026965709829,0.09864614141117255,0.20220349967595597,0.21266713095310796,0.03886170037490708,2.3880910543491106e-06
BTN,0.1125792941579982,0.1476375342864636,0.40619937075247214,0.0361675745219044,3.16576376930719e-08,6.540082256333849e-05,0.03693568052828071,0.2069412789297163,0.08463251957102523,0.20549503859401508,0.09601925161195511,0.7201865130914673,0.06758484116799847,9.12037352006383e-05,3.9050545542815647e-07
BOL,0.013892972412740198,0.38074307727885526,0.41124502074616026,0.055105413814677214,7.044879641298268e-05,0.0007053392125212245,0.02673369084356589,0.2122408138306743,0.1291964955652659,0.14730943483769854,0.1074361188162463,0.5218877366324866,0.06758484116799847,0.0013473877650700737,3.825952167156374e-05
BIH,0.0539557274284096,0.46210373201473126,0.38583378357065456,0.27019413255569585,3.207973952897953e-06,0.0003967543936094525,0.04938739506679039,0.1801100672633276,0.068223609887621,0.338063929171375,0.09745210059334644,0.4314596160077771,0.0022942383151210305,0.0004161487512100377,2.6405177859220294e-05
BWA,2.3717130641552355e-05,0.5034888612016492,0.38861680504253165,0.00784996991770147,2.458743194161918e-06,2.626350403578615e-05,0.005248009236280455,0.2026052958289325,0.022386868932183748,0.19558037185050062,0.12718371695721659,0.20067287131040257,0.06758484116799847,0.00022688374246122855,1.1665098860866725e-06
BRA,0.0539557274284096,0.36165812513085577,0.4315160467468124,0.11901594019284084,0.00807683420972523,0.02752738939867635,0.053603606033794424,0.24637278336761356,0.3053931797597106,0.0773474680752257,0.1132134393886511,0.6017545996944091,0.01087890377694717,0.02663785750163676,0.006015165802128202
VGB,0.0539557274284096,0.5136831354471939,0.37041084083455633,0.091754124649348,1.265250253133107e-05,0.034259334300438773,0.039730871183926424,0.21164785887672097,0.20412128539282398,0.2496856407475546,0.08897441078678105,0.24534024627349357,0.5012123269157301,0.03886170037490708,6.002769757158457e-06
BRN,0.015971177376960015,0.024765063254502735,0.3700415317805233,0.010428539686961403,2.2719631317727937e-05,5.250997780849928e-07,0.01159255702539977,0.18086979079808033,0.0004606580867031194,0.26723390026105576,0.13220787332145414,0.7290069248279243,0.006819163469490855,2.2234670526465003e-06,1.3432386370689023e-05
BGR,0.03471452908541647,0.515915032910962,0.3921069644731147,0.4121017776764752,0.00010153659662757929,0.0026685293980504396,0.056480502384600444,0.20818277836455612,0.1556655657834086,0.17223357129413408,0.09947278505428293,0.3496280298836924,0.0036563203734632913,0.002452696247883962,7.584404465045952e-05
BFA,0.0539557274284096,0.4740750135033256,0.36198176338112253,0.28677444469164437,0.00015827763591946183,0.0013008296802499526,0.012569056302466602,0.19098708469990922,0.38536704231019675,0.31837275126951686,0.10030861362676122,0.20653432024650076,0.06758484116799847,0.005107384219610466,7.661917294708342e-05
BDI,0.0539557274284096,0.8090782878883778,0.42171190880859105,0.536044507417506,0.00011241627144809834,0.00011985118597072076,0.01484710503032003,0.18181481275594344,0.7395538141094499,0.47992313214088017,0.09741536087587487,0.1014167085602149,0.06758484116799847,0.00040228673716610693,5.364293337533421e-05
CPV,0.0539557274284096,0.21105294110544465,0.41947659591214037,0.17077564098819195,0.00024351054913510908,1.9758653136184627e-06,0.0015456742700533028,0.19334037467341153,0.8385216683688373,0.49429758415193187,0.07769531752300825,0.21587606882277974,0.06355474092376309,4.3413055582782476e-05,0.00011552953704436075
KHM,0.0539557274284096,0.3390131232023509,0.4114402438063675,0.2963277654439072,0.005918268736169021,0.003369153711280467,0.03990024601307753,0.3404302629384624,0.0264010597784349,0.11977138253132387,0.15029299924683578,0.5708365623924717,0.048237450022338,0.00435653436690691,0.0031682909154133808
CMR,0.0539557274284096,0.22513538300333547,0.4118574229147113,0.18053467748389712,0.0017200544287776758,0.0010601608408791169,0.022250426206866784,0.2722404432338281,0.40132211603085816,0.488334909304424,0.13114242151477856,0.42125194406905186,0.0006559790577982693,0.002418141019275251,0.0008189099659536353
CAN,0.021381202110186046,0.07286581705690014,0.4198212798637708,0.06502663302478008,0.009287390617470607,0.01679049116084447,0.04667774444852068,0.19784312635499474,0.10648388154728496,0.132309339988665,0.09382405349302864,0.3860789571979021,0.031107663876485635,0.01861529865959467,0.005255878008850129
CYM,0.0539557274284096,0.1212468352058019,0.415784547411579,0.011451639926049237,1.3085156913136386e-06,0.034259334300438773,0.039730871183926424,0.18715140734152355,0.4410441420508499,0.36808969519767487,0.08911218472729944,0.5349967595593005,0.21015390995266806,0.03886170037490708,6.208035445268129e-07
CAF,0.0539557274284096,0.08694537111923374,0.43809684379758446,0.03975489319934958,0.00036932855387327454,9.15298584802772e-05,0.01959742333671421,0.21012841180721553,0.012394860056301025,0.6110654524184354,0.10512151661553723,0.3608036442739517,0.06758484116799847,0.0002358538517490562,0.0001760729020763184
TCD,0.0539557274284096,0.4360025125359682,0.32721854470912776,0.053548858274367755,0.0010024813077347127,0.0005879616722618609,0.007671723602149376,0.19339596420034466,0.22673460028119904,0.39893636094613544,0.09990447673457391,0.04320750925810791,0.06758484116799847,0.0036348806881826815,0.000475625631751099
CHI,0.07503126038551004,0.5564501873620451,0.37041084083455633,0.31877468296483896,3.139382404562964e-05,0.034259334300438773,0.039730871183926424,0.19125287021094592,0.20412128539282398,0.2496856407475546,0.09356355247884385,0.042569157826517004,0.06758484116799847,0.03886170037490708,2.0356849132261886e-05
CHL,0.0539557274284096,0.2318876306439817,0.4737057811627574,0.024363483048838702,0.03658527563054932,0.0014015722014584426,0.09258669802973736,0.20379120573683918,0.17823511420853483,0.13412688445101528,0.09834303874203208,0.22479111967897653,0.009041059263670995,0.000790432833806,0.022211254404006047
CHN,0.18430981976188343,0.6038982622246841,0.42002610046922273,0.15617247479413635,0.16929122413030445,0.18427230575188006,0.07612108591035628,0.23065947708784998,0.0285450200753809,0.07957466764223117,0.1080974337307346,0.21769825458888611,0.020864225466144606,0.1261537401073061,0.33150823989838396
COL,0.016590945267789533,0.41325739310956777,0.4035351665013323,0.019658178537377714,0.0009232422405889536,0.0013493407394106168,0.04426212261809707,0.1744214056738377,0.10708342286735792,0.1767830021805093,0.09241875929974099,0.5340632731459317,0.010467699752811461,0.001576094362378079,0.0008569642219370894
COM,0.0539557274284096,0.7884840590817895,0.41944652828399026,0.48079614628570505,0.00040265349381818155,1.1346767569551455e-05,0.01742457756964975,0.1903200103767117,0.7881933251947326,0.7973799526556696,0.09175744438525268,0.20970056656345729,0.014420282432464971,3.271435314367669e-05,0.00019103226490733546
COD,0.0539557274284096,0.12386508997018435,0.4108847920124352,0.042485748045395955,0.0023347402273181553,0.0005426047597411801,0.009549191825460194,0.19793577556654993,0.11999039705263333,0.30006264572744795,0.09606517625879457,0.685994359470554,0.00038899498434559525,0.0027488373849114773,0.0011225479834698182
COG,0.0539557274284096,0.3403960276365289,0.4531434931234839,0.02134458355751194,0.0007727840411796805,8.971045870864218e-06,0.009862103196011997,0.21136991124205534,0.0014703918324076519,0.10135088492244045,0.11173466576042031,0.6630261635933878,0.00021554497613402528,4.412140450042734e-05,0.00036697499849851114
CRI,0.027139587285422446,0.39133263509406097,0.39262273377585893,0.06252871137419072,0.0002543058035884466,0.00010554363620649413,0.04406520425559464,0.21244464209609576,0.3523735155605929,0.16172464908611892,0.10322942116575123,0.5217848240756746,0.01048266980530678,0.00012382105424600746,0.00025939825524835076
CIV,0.0539557274284096,0.7143875163031685,0.44345027715337143,0.12552012900739268,0.0006509971089744329,0.0005703059018180477,0.02456084507650143,0.19899197657827933,0.5071880116237725,0.4889420430299825,0.09999632602825284,0.33072989398256275,0.0028766969573806402,0.0011825448526638618,0.0003258467636736098
HRV,0.015020427138160573,0.25916963969630785,0.3572410070791776,0.22056773973341834,0.0007540750104558289,0.0010039152039061196,0.06969965903450656,0.1739210999314396,0.11519107080544576,0.20528349075055485,0.09222587578301522,0.3469546111309018,0.018003459721103583,0.0007498393118797531,0.00042207161346407765
CUB,0.0539557274284096,0.6610215455895273,0.4211823429730912,0.4278183501606992,0.00025436911886383273,0.00032664683208930625,0.03447285224109281,0.14653399299571962,0.23317483580331327,0.3878764262916988,0.08163565222183441,0.2824638877031972,0.1518661551276134,0.0004872664280610203,0.0002438296037772618
CUW,0.0539557274284096,0.40114077284113697,0.37041084083455633,0.18055639361262507,0.00023292634559972538,0.034259334300438773,0.039730871183926424,0.19125287021094592,0.20412128539282398,0.2496856407475546,0.09356355247884385,0.3092445030900055,0.06758484116799847,0.03886170037490708,0.00011050803740597049
CYP,0.3761397664272865,0.13605688351132134,0.4132143780946358,0.1251265858330565,1.2525871980558783e-05,2.6148194962895865e-05,0.027924642309933315,0.13271073063168232,0.377667246579977,0.30130853303047883,0.07524294138178078,0.1890843440422188,0.02992188826549377,4.788216891054577e-05,2.9307834948298966e-05
CZE,0.008308486694091281,0.6032667300336284,0.40230784106887785,0.5638854456473497,4.0711722073290466e-05,0.002940993383781469,0.07460643302617664,0.1917282783923509,0.040778187022895394,0.09799023484329883,0.08632915112882783,0.3480444754261826,0.06758484116799847,0.002053816793769853,0.00012450114955881277
DNK,0.16295620612291134,0.6990815538257806,0.30294144677670404,0.8107643120967459,0.007559696145463003,0.0031254790304772423,0.07854210276441011,0.18579872885281748,0.1763164862509895,0.2515836107183631,0.09152782115105536,0.14108971980688978,0.2586013170921827,0.002074450401674244,0.0037663950787233825
DJI,0.0539557274284096,0.8101843657123031,0.4108062562438561,0.0011676165527585497,1.75805414655526e-05,5.321957210320872e-09,0.02454331124970327,0.2155020660774177,0.39191249640478926,0.5841713085640156,0.11537189779010601,0.0024424926621772042,0.012871340495834886,1.108961123514464e-08,8.340796009529599e-06
DMA,0.0539557274284096,0.365942410650434,0.44465863995608057,0.11010897830038767,6.996337930168891e-06,4.967160062966148e-08,0.018030168972140097,0.19406303852354215,0.13759051597381802,0.4849676689011925,0.08947958190201517,0.5983875567077127,0.015008135176999952,1.3862014043930798e-07,3.3493352523261113e-06
DOM,0.15274229044198218,0.5463750904891588,0.4482209789585188,0.22794326336214468,0.00014777785275125964,0.0003237034349548515,0.06126588834459095,0.23516222876943316,0.24589686479867834,0.27391954658461576,0.10881385822143028,0.3872044246537508,0.031186195408546294,0.00027460372580746036,8.086416750679538e-05
ECU,0.22432393811066287,0.3243360503504772,0.44961885657571793,0.06403819217036108,0.0053441152664215705,0.0008826508608974849,0.03428807268175835,0.21035076991494803,0.30031644512224037,0.1586562580229519,0.10680235868986168,0.5236163673099293,0.02697068120699348,0.001323613024783328,0.004084942394268604
EGY,0.0539557274284096,0.036885547457893554,0.4086223047250112,0.03881186381701304,0.0039609403128817704,0.007810557266641868,0.09688383435119445,0.197083402820242,0.15002552688539192,0.460782743291205,0.09773683340375112,0.0007170408899051922,0.029044501852653774,0.004211193922059105,0.006819697156953765
SLV,0.017989569851689244,0.8217496419551081,0.3679341979783797,0.4590726606726892,0.0005727921913266477,0.0003278105667326298,0.03275858348259565,0.1871884670261456,0.21458099092076094,0.30197690171303465,0.08960817091316568,0.13789263756859313,0.014119024507424001,0.0005139563499012047,0.0002962018924783951
GNQ,0.0539557274284096,0.10877874262185067,0.4787012873584595,0.05887243495363511,7.507081151617118e-05,0.034259334300438773,0.039730871183926424,0.2019938110326681,0.8785910492717585,0.7136659002486003,0.09792053199110899,0.5818847234881696,0.004493180966542728,0.03886170037490708,3.570121029048954e-05
ERI,0.0539557274284096,0.8294972194434347,0.9341816074471097,0.09402576495269444,2.7837616078107896e-05,0.00010234372073450186,0.0069137227821057835,0.16860303518817055,0.539806542223897,0.7344489461050779,0.09526608740378786,0.15291389411138112,0.02157433180508269,0.0006944134349265001,1.3207094761788164e-05
EST,0.0005459383192870125,0.24387072190293527,0.49207354778176715,0.20535157346629193,0.0008589139207966315,0.0002735929502539122,0.03417477718552407,0.2338095502807271,0.08964399169024266,0.18570820513330857,0.11255212447416278,0.5327220298138888,0.032372066600441333,0.00041159646579801086,0.0004094416657394915
ETH,0.0079607032469811,0.3990939518875792,0.4580527701687272,0.20913157826238177,0.00025368320338048286,0.006673721214247922,0.025604782148945807,0.264235551355458,0.7847305090393933,0.2822925220015011,0.12082774583463454,0.12472518470511992,0.0,0.013292301901142096,0.00012048094595998187
FRO,0.0539557274284096,0.020402678228214594,0.37041084083455633,0.02956325232168481,0.003745678929114779,0.034259334300438773,0.039730871183926424,0.18355661793318137,0.9174563936758523,0.2510346776552228,0.08691698660837298,0.0005793796552319689,0.1378408373788803,0.03886170037490708,0.0020798320556103616
FJI,0.0539557274284096,0.2543484313294008,0.4512974422320433,0.12430460403050213,0.0004870844135456043,3.1580494086044056e-06,0.03181445434731004,0.1504993792502826,0.6414074587383265,0.4035248708797973,0.0800466594411889,0.5521361900292332,0.05547573870502116,5.094290161144569e-06,0.00023432329917768508
FIN,0.007389807553209306,0.07996548956978783,0.42152309371979,0.10192693792446846,0.0016219368570209482,0.0013045525667171457,0.04657254148773171,0.1791835751477755,0.02831255946569261,0.12251919763262702,0.08405128864559032,0.73917492444641,0.009453149572066116,0.0014495508085738437,0.0008259490771117378
FRA,0.08692043402560082,0.5809880168883769,0.4178366997842486,0.45941687056878316,0.005293320586743037,0.022691092360743372,0.08845276117309393,0.17907239609390926,0.12706921107643848,0.15142758390780536,0.08763341109906865,0.3053416606984551,0.029480897967755486,0.013389358178672081,0.00348313944338847
PYF,0.0539557274284096,0.13434065968830114,0.37041084083455633,0.009382957649805018,0.00013561076733122234,0.034259334300438773,0.039730871183926424,0.17862767987844425,0.18942918768812628,0.4849873305082264,0.09081139666035969,0.42816314822094514,0.35644616964996423,0.03886170037490708,7.895179720732114e-05
GAB,0.0539557274284096,0.21848550491982333,0.40492321644752993,0.01734313336640439,0.0003853895287295597,1.5080297951165225e-05,0.02072228576361164,0.2151499990735079,0.011254804634748223,0.36829288591588283,0.10036372320296856,0.8710594350926035,0.005774967764778481,3.683414371753292e-05,0.00018349250572945338
GMB,0.0539557274284096,0.6699642084658999,0.19705125842873225,0.6121105982148902,0.00043792010220826367,6.499493462676469e-05,0.010861531323507196,0.15363092260084868,0.8303966208853525,0.6428127819254195,0.07517864687620553,0.4811324379641323,0.30025398158454025,0.0002923817588188016,0.00020792913557489992
GEO,0.0539557274284096,0.390030803396833,0.4522718876821513,0.07969628799414634,0.0002801278834000956,0.00014358640553445713,0.02883775005934526,0.14269831563733393,0.21949997317198577,0.2294635473699287,0.06655399819975386,0.410634017474038,0.022992563340123163,0.0002548489695934546,0.0001361562354592839
DEU,0.038467800766115154,0.5280795484541994,0.30618025604021715,0.4689749084069236,0.002468050539643681,0.014873238335969007,0.086254289043786,0.17088220579242872,0.05408037312876753,0.13387613117999725,0.09202380733692157,0.33098234662645376,0.07979096554401846,0.008997694695775042,0.001366884243043097
GHA,0.0033527280753160426,0.7621101316434146,0.393888147693346,0.2855392390287657,0.003648648269585514,0.0009292108905448455,0.020649452944603894,0.2402023458780366,0.2757671253298994,0.2942477961200926,0.11555559637746386,0.40981887995763633,0.010061139464489796,0.0022773431564296416,0.0018266243131265865
GIB,0.0539557274284096,0.40114077284113697,0.37041084083455633,0.18055639361262507,0.0,0.034259334300438773,0.039730871183926424,0.19125287021094592,0.20412128539282398,0.2496856407475546,0.09356355247884385,0.0,0.5204512385655702,0.03886170037490708,0.0
GRC,0.296384440809601,0.6997630941031583,0.3702169484707153,0.27252593776024653,0.0006674010415723931,0.0017558240255976833,0.056662584432119814,0.15235236348138678,0.18489170402916552,0.2497173558985743,0.07606958502489117,0.3084975969454885,0.05477629530077383,0.0016087297020417055,0.0008714009082354565
GRL,0.0539557274284096,0.0029589815881663904,0.4241217896476394,1.004162064339874e-05,0.0022634366746874597,0.034259334300438773,0.039730871183926424,0.19125287021094592,0.8626342413094717,0.34983220202524323,0.08530043903962378,5.419024233005833e-06,0.18145208843699512,0.03886170037490708,0.0010738499505858479
GRD,0.0539557274284096,0.25730952477046454,0.37493773537583647,0.12144579967308872,2.4492459028539963e-05,1.2559819016357258e-07,0.012761928397246377,0.1751255396816573,0.8040750255020521,0.3153493494437827,0.08543821298014218,0.505211391102131,0.032790845460366466,4.86556692941971e-07,1.1620040539086554e-05
GUM,0.0539557274284096,0.365942410650434,0.37041084083455633,0.025472708687260103,4.062730170610895e-06,1.6320668778317344e-08,0.031471870346792115,0.17297607797357645,0.20412128539282398,0.2496856407475546,0.08368389147087459,0.4680636566573055,0.028409567504984117,2.6337826683468518e-08,2.4832141781072515e-06
GTM,0.0539557274284096,0.3988883441154005,0.42670946660418235,0.14535163332996678,0.00020939416824787528,0.0006229893754316035,0.026141587000151057,0.25626771916171,0.4068399542923865,0.25064966652860177,0.1149585759685508,0.34772359948007786,0.007018818858670169,0.001216178257338651,0.00020682270345118682
GIN,0.0539557274284096,0.6414380972118661,0.42381868056092714,0.16244854714382875,0.0012926763199212052,0.0010658723653572332,0.015691426228446877,0.22413697259436322,0.04871526879372038,0.4195106845858688,0.10992523467494536,0.26777233759790076,0.016806598389643504,0.003394955562908923,0.0006142901137894791
GNB,0.0539557274284096,0.6388844680185577,0.4622738576066321,0.14684479492487187,6.909807053807828e-05,7.750082447672403e-05,0.019890103368652753,0.23064094724553896,0.987806338737605,1.0,0.11162444660800558,0.7233880536060157,0.11676080585631776,0.00019688634407016232,3.278243233517395e-05
GUY,0.0539557274284096,0.09104409226113806,0.41450045270189584,0.029351351949534216,0.0004557011420458724,0.00022093253845493452,0.05763638619737154,0.205922137602609,0.6589257346084436,0.2631152592746768,0.09995040138141338,0.8508263082631154,0.04251302669543383,0.0001990515906638243,0.00021751704580170073
HTI,0.07638389180285222,0.7323458409791165,0.3786677589019787,0.5294467886356801,0.0001744230311429285,0.00021992526935359446,0.012368091672241522,0.28471102710915935,0.13921142670379377,0.4027323266276594,0.1288186343847016,0.03675760280756678,0.028555834168326716,0.000876624064728353,8.575599930806273e-05
HND,0.045526981911408575,0.31646002918865407,0.4381745356604981,0.1254733146392596,0.0001179774631361813,0.0002254895530155586,0.02223289238006862,0.2208571905053088,0.6906092227603605,0.31447253326986774,0.09839814831823943,0.4582966084352707,0.03626290525144959,0.0005147062848609813,0.00030777337015956306
HKG,0.0539557274284096,0.0546315976858346,0.3937226935963095,0.04586699052174865,0.0018015200831078475,0.0,0.026122704417445346,0.18114773843274593,0.08269144904855004,0.07454370103012005,0.04656759189521833,0.3092445030900055,0.17987095966253985,0.0,0.0008719135718077109
HUN,0.0332800194133731,0.6498206728662328,0.5082660724256033,0.6682907626930512,7.436379094102591e-05,0.004852967536698587,0.06800292410280757,0.15175940852743341,0.08042124691181556,0.08759626910660404,0.07553685912155336,0.2290061285957775,0.06758484116799847,0.003714035560776335,0.00011330165335634115
ISL,0.0539557274284096,0.20363393458568554,0.4181171735242003,0.01676012908360374,0.012179727370022736,0.034259334300438773,0.039730871183926424,0.15752218948616747,0.42640924517399786,0.1967983555501241,0.09694692947811231,0.004437383534035945,0.0401946022242182,0.03886170037490708,0.005805046331466766
IND,0.621896330821639,0.6661889767701029,0.4266551520220576,0.7268069103210497,0.04575722139589919,0.1021319068375311,0.03773144651373572,0.24424185150184374,0.0897932949269471,0.06140786931548127,0.11499531568602236,0.2379238351186294,0.02673712466195503,0.13948748665803673,0.040120505458287804
IDN,0.2672213387227118,0.34217554504551945,0.4182443780689653,0.1785566133505877,0.059670552663632234,0.029590136728144745,0.06505184617708626,0.22930679859914394,0.16347123322067952,0.1751844669508972,0.11082535775299887,0.5231951513389395,0.04972416499711689,0.02366014994765156,0.06804649449773177
IRN,0.29553525504886186,0.3122023070688976,0.3865156103239039,0.12856728338473644,0.005153230263678245,0.005329499133282192,0.02224503118323658,0.18383456556784702,0.03675543893134885,0.269039468490395,0.08845086981281114,0.06636815044774327,0.015119742766039095,0.01215932761069933,0.003682776846459779
IRQ,0.0539557274284096,0.21421154332773618,0.5150509500509739,0.1362719981896068,0.00033282729761316263,0.0015150373935739257,0.02340496126373033,0.20416180258306002,0.0001925184320642264,0.13047386696167312,0.09797564156731635,0.01920449060976513,0.05714924711137501,0.0032912385876308283,0.00023945994786062468
IRL,0.0539557274284096,0.7292357591853603,0.47268014161069605,0.21219702772602841,0.002569048956430478,0.0008912103420774177,0.11298932864325943,0.17343932403135248,0.10006820551962178,0.2393822142197205,0.0875599316641255,0.10732576669184456,0.03703582714162387,0.000412534924148785,0.0014404610781035831
IMN,0.0539557274284096,0.8249106359729984,0.37041084083455633,0.6030334033237047,7.221107157789701e-05,0.034259334300438773,0.039730871183926424,0.19125287021094592,0.20412128539282398,0.2496856407475546,0.09356355247884385,0.061370535866562055,0.03487584017753765,0.03886170037490708,3.425934399352403e-05
ISR,0.0003376570269970375,0.26131548793738746,0.37041084083455633,0.1880874196316417,2.7162253140655693e-05,9.00049403409466e-05,0.04501472841451045,0.1801656567902607,0.029142775161915567,0.13125640543647504,0.09215239634807208,0.07297640168526875,0.0073459898385127564,0.0001034050799621062,0.00011710657830666677
ITA,0.33525411293631885,0.5184321955986632,0.4022574187999091,0.31448472618826123,0.0023020241692715453,0.006926044075517918,0.07571915664990611,0.17123427279633852,0.07733357390390495,0.17197638807675644,0.08325219979058361,0.3121594722508157,0.0693743941655858,0.004766441053192965,0.001913974375729628
JAM,0.12147447297746385,0.45086263335217264,0.4681294167468342,0.15251326623658468,0.00018991416852073836,1.0494899618752762e-06,0.017292399490709764,0.18898586173031667,0.22229668977797,0.32097505957449984,0.0881018424968312,0.31433962331896564,0.06439993038771061,3.0482568882603826e-06,9.585907634721682e-05
JPN,0.606281440703104,0.1352210067858456,0.3961861948384996,0.16061723778692188,0.04092740776437546,0.004062603671393834,0.08023883769610911,0.16645357348008968,0.005707215741387075,0.1712333767477886,0.08275621360471738,0.6923357308650868,0.061485950399852135,0.002640031664277856,0.02396307086869519
JOR,0.16874394769014314,0.12172423011936408,0.4181896379740886,0.027208221181735985,5.265720402947627e-06,2.9470160653578156e-05,0.024829247502104055,0.2345136842885467,0.17128138690825276,0.30887458399553464,0.11826515054099233,0.011103199604869201,1.0883427540026737e-05,6.047165006524372e-05,5.3769597324338464e-06
KAZ,0.010233794949222129,0.8871906170650699,0.5953941356529585,0.1487757343943519,0.0003682310890999147,0.009517646356078907,0.02192267852133192,0.31198695499101303,0.020979103852303286,0.19362861323598612,0.12518140235501587,0.012391958003254789,0.06758484116799847,0.02202130640630082,0.00017899668651183176
KEN,0.0007156923422754493,0.5345175005808829,0.40572585749755036,0.1402680339638557,0.0019159941010059955,0.0014399729611080864,0.019575843242193396,0.20653362239887338,0.46278723656223325,0.20094439378100096,0.10241196245200875,0.07579167267433613,0.004308934593343823,0.0037144070627527126,0.001020631066083267
KIR,0.0539557274284096,0.46170028783351896,0.4745174311856862,0.03397032611829709,0.0006640295031580809,0.034259334300438773,0.039730871183926424,0.09626253080586286,0.8071468879191924,0.8883343706295562,0.05040689237099767,0.15165262475696697,0.9777662227053449,0.03886170037490708,0.0003365305924157083
PRK,0.0539557274284096,0.23861250685686472,0.37041084083455633,0.26864881711134436,0.0023109969990483515,0.001665362461328091,0.04751127559938712,0.17859062019382216,0.20412128539282398,0.2496856407475546,0.08573213071991477,0.4650798042957895,0.03236077949972534,0.0018145376383505417,0.00364371128147637
KOR,0.9153072414865986,0.1967197924379169,0.3718971872149167,0.21065574526137518,0.01853487152746124,0.002066963383970409,0.08401805174906665,0.16717623733022033,0.011178266883007134,0.08353830742032164,0.0847493432775502,0.6461860682846138,0.05274620681062756,0.0012833799152222232,0.016299953050074298
XKX,0.0539557274284096,0.40114077284113697,0.38918384743172574,0.18055639361262507,0.0372526224466655,0.034259334300438773,0.039730871183926424,0.19125287021094592,0.20412128539282398,0.2496856407475546,0.09356355247884385,0.3092445030900055,0.06758484116799847,0.03886170037490708,0.034321753774411656
KWT,0.0539557274284096,0.09141576924568184,0.47346591794600745,0.008091218487411917,4.260062778897709e-05,7.057270058032832e-06,0.14704271779710393,0.26594029684807385,0.0027539675804581104,0.3266980356660867,0.1396752208975513,0.0035459367928583744,0.14641639701037532,2.514569347569047e-06,2.18082277416032e-05
KGZ,0.16553959369006144,0.6094584866954578,0.40173243048344837,0.09155555154545902,6.226002079637474e-07,0.0005338551072902653,0.034257051295884675,0.190449719272889,0.2584596148289338,0.3187991686120854,0.09210647170123262,0.03526437468279836,0.06758484116799847,0.0008012562943715012,2.270438769700884e-06
LAO,0.20064822006635513,0.10588384822520305,0.39107254162107846,0.08515337571938139,0.0003598840252948414,0.001476663953304628,0.053681833876432376,0.27405636778031023,0.055102582056721194,0.46343339515257964,0.12256369748516634,0.7886957141942534,0.0,0.0014268933466190389,0.0006493605075750462
LVA,0.0003837507190734689,0.320100031412855,0.37370868525204826,0.25626909105537043,0.0016391164017423886,0.0005000865791964847,0.03596187876302898,0.19439657568514093,0.152018014002811,0.2551774823009656,0.10392747579771112,0.5452342598979316,0.03410678737225894,0.0007158344052285864,0.0007803825975914895
LBN,0.3524420612587965,0.7017167851885231,0.4424570071024194,0.1681878260701004,3.481284891648141e-05,5.6282535876322063e-05,0.033832193185006146,0.159968128671225,0.1842867349658106,0.32327116184141685,0.07486635927769716,0.13537553951912246,0.007749268020711358,8.551060603279591e-05,2.2924672825711902e-05
LSO,0.0006838869205532291,0.8404062007586037,0.42866973889142723,0.13963635156510396,4.643120194983879e-07,3.6889323801912805e-05,0.008091186689397699,0.20177145292493562,0.14173647543028142,0.45659319772586016,0.09704796370115913,0.014985437228949327,0.06758484116799847,0.00021734944920181296,1.7240815857153108e-06
LBR,0.0539557274284096,0.30777103411474976,0.4177775685973771,0.07144030198322641,0.00013400678035477338,0.00010370578698319665,0.01526117309393815,0.18544666184890768,0.08586904185023302,0.36425881843240576,0.11516064441464445,0.45124213304969635,0.005398109693983337,0.00033915635280723727,6.367742163577849e-05
LBY,0.0539557274284096,0.09326222304708609,0.37041084083455633,0.013405352062840157,0.0003166080345684121,9.764372292349383e-05,0.008065560327154232,0.20518094391016733,1.944649203636099e-05,0.22915762248603397,0.09864614141117255,0.0012468645052025632,0.009469749868623619,0.0005770077207800239,0.0001502594901764777
LIE,0.0539557274284096,0.41211138714942164,0.37041084083455633,0.2580949858618953,0.0372526224466655,0.034259334300438773,0.039730871183926424,0.18183334259825448,0.20412128539282398,0.2496856407475546,0.09017763653397506,0.43600129617628003,0.06758484116799847,0.03886170037490708,0.034321753774411656
LTU,0.0009721682293508146,0.4926643689307705,0.4408007912128997,0.4800617518979965,0.0014621185494004237,0.0011444336785074005,0.04000949524158916,0.23038152945318438,0.15828181535778882,0.21697576878090405,0.09626724470488822,0.3503733615982511,0.02182130836705606,0.001475888635257312,0.0007100971728074408
LUX,0.0539557274284096,0.5581907418266036,0.25512512039150503,0.33015461763041987,0.0372526224466655,5.307446006994064e-05,0.06919117805735989,0.15205588600441008,0.08157709056161094,0.18538257607638872,0.07956904311405845,0.33843713169701534,0.0,3.992953145354267e-05,0.034321753774411656
MAC,0.0539557274284096,0.40114077284113697,0.37041084083455633,0.18055639361262507,1.5818266300638262e-05,0.034259334300438773,0.039730871183926424,0.19226564381937108,0.0023538120914727767,0.3065007103642925,0.06985138784282749,0.3092445030900055,0.6710646601072254,0.03886170037490708,7.50471381649752e-06
MKD,0.0539557274284096,0.4877904311013699,0.4033590118048003,0.22595852644362674,2.8175297546833996e-06,0.00019687126031277914,0.04638101814885949,0.20080790112476143,0.1408105478426426,0.22186624965519022,0.09855429211749361,0.4000775033239571,0.0,0.00021963806772046593,8.185595123397896e-06
MDG,0.03823584146930731,0.7851679382123933,0.39245199312028084,0.08279509343465212,0.0013408909021277535,0.0016816483599859677,0.04421491616133279,0.22393314432894176,0.33247205124158097,0.3423681409241422,0.10549809871962085,0.21786241506350718,0.013395678593836466,0.0019663183749231575,0.0006889517529792239
MWI,0.010174688290341322,0.6529853387862673,0.4209148896828917,0.5256279774994446,0.000869677517612276,0.0013925685142500218,0.02739458123826582,0.2993310726925714,0.7582315767787119,0.25008129456599515,0.1463802193361133,0.34519148571112773,0.0,0.002597893913987115,0.00042678741742159043
MYS,0.0539557274284096,0.2535461417021774,0.44102433287724324,0.03995215220093349,0.01459288356590663,0.0009351849649120044,0.05013325708366602,0.21363055200400244,0.14014057767637397,0.1653155032466372,0.10924554990172125,0.6812390072327267,0.023764015027429242,0.0009665635842481848,0.009560226894547084
MDV,0.0539557274284096,0.28837853013213544,0.39553383780862605,0.17893967949178657,0.0012751063310015502,6.102510934501267e-08,0.031266859448844386,0.11762743899049419,0.9693316256709638,0.40562588030755475,0.05864577401399784,0.03370058327932596,0.8143915025447053,9.980650111630176e-08,0.000604953028220588
MLI,0.0539557274284096,0.3748236358398248,0.3767210481300321,0.07738541468821641,0.0011410784455549814,0.0020499700198007074,0.012583892617449664,0.2570830322233958,0.23968468307842608,0.2610976813558431,0.1351286808604442,0.04168554925338406,0.0,0.008039639615747022,0.0005517942214803807
MLT,0.5952471723261957,0.3542847440844401,0.37041084083455633,0.39059408565533815,2.025033557766833e-05,5.877214745931017e-06,0.06271580094520814,0.18779995182241,0.03677292892018394,0.1735772012419921,0.08199386446718224,0.011058003888528841,0.048940006167857694,4.872497936441676e-06,2.0254837091751577e-05
MHL,0.0539557274284096,0.7968528579743152,0.43310267004272845,0.1529369701528135,0.0009842465084235032,0.034259334300438773,0.039730871183926424,0.17577408416254378,0.20412128539282398,0.2496856407475546,0.08397780921064718,0.7099589544178007,0.7841532173484255,0.03886170037490708,0.0004669594145287126
MRT,0.0539557274284096,0.42296671824941684,0.3702614755314122,0.005322299486525394,0.003925652599399893,7.087214937269571e-05,0.017698375018882582,0.23549576593103191,0.20406098037846088,0.27596413897655975,0.09652442272718922,0.002339455451281437,0.019400185928740262,0.00020132773336983774,0.0018624606983824166
MUS,0.3947931486439546,0.4823883021158603,0.4146436643858446,0.5289251463379039,7.694916468596011e-05,2.25650985717605e-07,0.05177334426724789,0.15876368892100728,0.3323068257936046,0.4127029360190246,0.08442787074967394,0.19144587506265381,0.023468010365549626,2.2595082891607203e-07,3.9197235412611094e-05
MEX,0.10650794348597525,0.6048112591476769,0.36920944042706827,0.1626921711424474,0.016584978702379696,0.010079338847550624,0.0428499751828913,0.18628050475290456,0.06269908783137114,0.12631682919625872,0.09420982052648015,0.3453691319447874,0.0387856309951419,0.012153669136566599,0.008554996402381705
FSM,0.0539557274284096,0.3448365928223256,0.42288317634303135,0.03931168564637741,0.0003940742740033591,8.231293818629617e-08,0.01964462979347849,0.14223506957955787,0.20412128539282398,0.2496856407475546,0.07215680511416868,0.9266697528006672,0.12823089276650615,2.1208881487214123e-07,0.0001869619965065266
MDA,0.1624978209388062,0.8270418873563018,0.427772608013948,0.7588985769885087,5.170747489868411e-07,0.0008750716842356933,0.037801581820928375,0.18049919395185948,0.7021310036477728,0.24193895080014982,0.08798243841504859,0.12021413542378742,0.018260539458346197,0.0011929677010234935,4.530363930986395e-05
MCO,0.0539557274284096,0.40114077284113697,0.37041084083455633,0.18055639361262507,0.0,0.034259334300438773,0.039730871183926424,0.19125287021094592,0.20412128539282398,0.2496856407475546,0.09356355247884385,0.3092445030900055,0.45201166618463534,0.03886170037490708,0.0
MNG,0.0539557274284096,0.8061637620464529,0.3847552712776177,0.005393945122997332,8.336511259175602e-07,0.00015806674150944553,0.019182006517188543,0.46309781903756003,0.008880804451829856,0.16809818950828934,0.10688502305417272,0.08422273734282058,0.06758484116799847,0.0004157592286154033,3.9551193562595333e-07
MNE,0.0539557274284096,0.41921694710130986,0.47403369258495404,0.1770461955184914,1.6003991108437615e-05,6.209304875855039e-06,0.04837447938021969,0.20721922656438194,0.20412128539282398,0.2496856407475546,0.08440031596157026,0.621644216475895,0.06758484116799847,6.646835734064818e-06,1.1798271234128122e-05
MAR,0.0809148385800815,0.7439954660913197,0.4395566603647521,0.2406883600721415,0.010180150626243849,0.0030829470128437998,0.02092190163792917,0.2300850519762077,0.17367659547367742,0.23895301447361925,0.11277256277899222,0.12830838249659637,0.0036757478854908543,0.007460942115455043,0.004832892442400023
MOZ,0.0539557274284096,0.7004153275044622,0.41986929168608655,0.09888711795507515,0.002042498021227511,0.0010402443030123594,0.013189484019940004,0.3151370281838902,0.20515964418679353,0.23317470939313542,0.1463894042654812,0.4983939054298324,0.023988875911449575,0.003903651278480456,0.0009730144329220211
MMR,0.41116954561158964,0.20958881024883713,0.38205238076071274,0.22726266894307276,0.020850975937618983,0.011037203155715837,0.048342109238438465,0.2247484573906276,0.19651034855595667,0.15263725416114146,0.11571174017671804,0.4832561192564711,0.06458502002391987,0.011822843854199763,0.013993489641449187
NAM,0.0539557274284096,0.5189159447064753,0.3767927343343581,0.013356567140816851,0.004368110296344163,4.17997163213022e-05,0.006358035348194825,0.19424833694665258,0.2476416464238794,0.2680954200329934,0.0764186123408711,0.0886115471438839,0.0034958466047597834,0.00030548274829172057,0.00207519980980735
NRU,0.0539557274284096,0.21820168585367516,0.46210995656901216,0.18055639361262507,5.687822238855252e-06,0.034259334300438773,0.039730871183926424,0.18665110159912537,0.20412128539282398,0.2496856407475546,0.0895714311956941,0.0,0.1364806336168187,0.03886170037490708,2.698492826612517e-06
NPL,0.5224502691634255,0.3155652454738341,0.42267152042360395,0.20766755428970377,0.00022686918425445096,0.0030567133117683915,0.032549526316925266,0.22543406155613616,0.18648068519977717,0.28351317562656414,0.10644414644451385,0.25643945755904296,0.06758484116799847,0.0048223354662209035,0.00026258487989424845
NLD,0.09679868167741842,0.6072697867419377,0.3760704266711663,0.4106778718066477,0.0039054444740058156,0.0005711095173568061,0.1043613371026565,0.20334648952137419,0.158054389950992,0.22814207417756185,0.10001469588698862,0.11201546186081998,0.9942034161155744,0.0002860412735951076,0.002072156620819119
NCL,0.0539557274284096,0.111942321561258,0.37041084083455633,0.004874818732706244,4.111271881740271e-05,9.675318208363346e-07,0.043951908759360364,0.17117868326940539,0.014612512621023387,0.21944623018326145,0.08829472601355695,0.4640282719587718,0.05212517693423278,1.1380713530067186e-06,2.7335381879970952e-05
NZL,0.11063158132654931,0.4751025565211171,0.484005567708782,0.02460426128659472,0.00454115100728977,0.0003545803662976911,0.09290500442391936,0.20781218151833528,0.5611721673253209,0.20185873578917757,0.09183092382019582,0.38977026431023554,0.01695590760734548,0.0001992927897081887,0.0027415636057930453
NIC,0.0539557274284096,0.4635042026380231,0.42757425791852993,0.17191361722292217,0.0003535947079398178,0.00035805915232750416,0.026052569110252697,0.2232290103211222,0.8970523411488255,0.3312202732666548,0.11097231662288518,0.26161779042335337,0.053824902210590095,0.0007012959248993119,0.00024668930526624335
NER,0.0037737750060819674,0.38570026869146345,0.3639691094143352,0.16951627994918533,0.0005610999704720065,0.0013344733197478643,0.0042391398174324,0.2838957140474735,0.12324384324799412,0.30314526392332647,0.11191836434777817,0.009510763804131569,0.06758484116799847,0.013810304572942723,0.00026663011589406834
NGA,0.0539557274284096,0.8603864631937569,0.41014525377534033,0.5138843197619726,0.006705984629793933,0.007344083814388623,0.017146733852694274,0.17412492819686107,0.017980698789499,0.5975734359554947,0.08669654830354355,0.09581449142500553,0.008027630480816565,0.0215011301706981,0.004288616021675377
MNP,0.0539557274284096,0.06885508361347285,0.37041084083455633,0.02990624821649676,1.9522209910727675e-06,0.034259334300438773,0.039730871183926424,0.19125287021094592,0.20412128539282398,0.2496856407475546,0.09356355247884385,0.6626560342641387,0.055431938116372204,0.03886170037490708,1.0490077958443799e-06
NOR,0.03478975442729015,0.026897581109759948,0.4170096434875043,0.03081040223300511,0.025692104103827128,0.0003647616252381823,0.04549893178532122,0.14536661293012396,0.0634347536334128,0.15316205265209296,0.08472178848944652,0.3350451286229478,0.03532794371932195,0.00041469878454104256,0.017916071582514428
OMN,0.0539557274284096,0.04943356549214291,0.38340583777188847,0.001621118348244822,0.0016732644402673155,1.5103714562890637e-05,0.13636191976520853,0.21972687012433526,0.022456554141638715,0.20671511681397692,0.09853592225875783,6.533231007300196e-05,0.014557842912121208,5.799866675980646e-06,0.0007946385499547161
PAK,0.9107784338436151,0.5131311775712402,0.40265305077539354,0.5374964882593177,0.00478029273910796,0.012852306688693547,0.035860722069962665,0.19374803120425443,0.1951319820173332,0.22624125823694147,0.10298142807281813,0.021561238679643532,0.027452268030380436,0.018447845529943985,0.0029785252899960876
PLW,0.0539557274284096,0.11703140691676388,0.4744057785276394,0.02990624821649676,1.0544103860972483e-05,0.034259334300438773,0.039730871183926424,0.19125287021094592,0.8617967201086739,0.45450238301274604,0.09356355247884385,0.8857392431457636,0.035310463473580814,0.03886170037490708,5.1205278167026905e-06
PAN,0.01568181888272433,0.3338961477052135,0.3899594285712082,0.10460548505473692,0.0017983121091549494,0.0001244610653063007,0.02987359459634433,0.16397057461041006,0.05525350165272039,0.1352057428349224,0.09737862115840329,0.6368295046964161,0.030088466130247665,0.0002134556094568728,0.0008901681999049179
PNG,0.0539557274284096,0.0257074552767202,0.4034124064606754,0.009099323937063203,0.001956882525460343,6.459791661887475e-06,0.0632053993396491,0.21581707339670542,0.2885632362746392,0.21769005106261935,0.10134651064533313,0.7494603105619595,0.008368692402789148,5.314696184443068e-06,0.0009377775486374762
PRY,0.0539557274284096,0.593150019134753,0.41660963671056256,0.1491448041056878,0.0001793827277148431,0.0019043903638924112,0.04610856945553422,0.2796523801582449,0.6038213438860529,0.13405117673646677,0.14338593236218014,0.423049622541266,0.06758484116799847,0.0021369597678039458,0.00010978239816610181
PER,0.0539557274284096,0.20525128794570924,0.451040440972897,0.043321688550608424,0.08711081262596258,0.0016379731859437483,0.0517234402986685,0.2339392591769044,0.20694500070717675,0.19007112014576882,0.11709866451126992,0.5895764338950098,0.005760235742912833,0.0016417393160845178,0.04178987798066966
PHL,0.16278616027935755,0.4521951076655463,0.40759384179322955,0.2515996179349641,0.023449466497104016,0.008392956429227503,0.04420412611407237,0.20718216687975985,0.10346711241220773,0.19322521982281896,0.1014016202215405,0.24006452320920385,0.04709605310250325,0.009816157908179276,0.024182711182774697
POL,0.00926572122632795,0.5313504617772639,0.40359321050755464,0.49887488419818216,0.0020926437193333368,0.009404836829091736,0.04546791039944755,0.18329720014082682,0.10766591554385414,0.14257172667548387,0.08922240387971417,0.3086965944992524,0.0209338786400442,0.010699539704754044,0.0011381932340879335
PRT,0.22680783956894648,0.4380900184458772,0.39381809128009493,0.16933539560461533,0.0022810172161530124,0.0004091204933833541,0.054259101404864146,0.17703411343969463,0.11211205925925173,0.2793179862618563,0.08752319194665394,0.3562790782586068,0.02572461553882985,0.0003911929673267491,0.0011280770901354632
PRI,0.18746656372346412,0.24056266928542772,0.3463082020411583,0.09077119843917396,1.5406717010628328e-05,2.1252349126548017e-07,0.024626934115971423,0.19026442084977857,0.20412128539282398,0.2496856407475546,0.09465988206550692,0.5502123639435031,0.1019044522408722,4.394258451926063e-07,7.409590692739379e-06
QAT,0.0539557274284096,0.05770066719042579,0.4294861557903005,0.013390282414385795,0.0001370142559356152,6.031551505030323e-07,0.08074462116144068,0.20386532510608335,3.3944892715453933e-05,0.16899657421096057,0.1252824365780627,0.0,0.21696586789981243,3.8952259463445547e-07,6.518437217531535e-05
ROU,0.013004709943977238,0.6696944395505792,0.496070036707015,0.5379580092521522,3.432743180518763e-05,0.007396971651159055,0.052985875828136124,0.19037559990364483,0.08560402640754876,0.13496707995590482,0.08979186950052355,0.28920977594092,0.04265532106941192,0.007240045376859388,5.810656092528397e-05
RUS,0.036443134432015495,0.14182231835355896,0.49865683637520175,0.10084997556793375,0.0449698326311971,0.032563603275635004,0.029632167288892723,0.2155020660774177,0.021766715025383097,0.23298535213734262,0.10666458474934327,0.5031943730484015,0.013961154938048385,0.056289025754129154,0.021984285624238924
RWA,0.007823897201770633,0.8124463814407378,0.4240612255754756,0.6369163425547526,0.00017931941243945696,0.0003026299035905702,0.02729207578929195,0.2816906628124595,0.437252587004452,0.3443705748214547,0.1352021602953873,0.185564946601688,0.06758484116799847,0.0005666375480737593,8.64034873920438e-05
WSM,0.0539557274284096,0.13362925681807403,0.40656647479327696,0.03889474045995797,0.00012083720307445545,0.034259334300438773,0.039730871183926424,0.19849167083588118,0.31612530194205646,0.5080101091615654,0.09285963590939986,0.6108974990209973,0.006643948480534837,0.03886170037490708,5.735423714596103e-05
SMR,0.0539557274284096,0.1812665046544857,0.37041084083455633,0.2294155270321462,0.0372526224466655,0.034259334300438773,0.039730871183926424,0.19125287021094592,0.20412128539282398,0.2496856407475546,0.09356355247884385,0.0,0.0,0.03886170037490708,0.034321753774411656
STP,0.0539557274284096,0.5586978875337065,0.41079448657728107,0.12473550230355994,6.435997743001518e-05,3.8495490487987646e-07,0.027509225490407647,0.18101802953656865,0.9607707498243937,0.6345776174124494,0.0887631574113195,0.5644847699287101,0.016085035692512892,7.152799246668292e-07,3.053452272636316e-05
SAU,0.0539557274284096,0.8903172100906666,0.42128891611448266,0.020209395077739105,0.0006804281594830922,0.0005016888431139386,0.07310391894516498,0.156873645005281,0.008994000490185642,0.29651837935796044,0.09031541047449344,0.004594914131419154,0.00748166412988716,0.00035746668715786546,0.0004033020188137253
SEN,0.013412440436211873,0.5125474356980676,0.27125221203328553,0.2359340598238653,0.004507340586918294,0.0003906352072090256,0.01218061460109195,0.1884670261456075,0.33877499493503055,0.4454556807235249,0.09614784062310561,0.44283543156062327,0.06328461515380471,0.0015793727286994687,0.0021401084000209694
SRB,0.01692993690545617,0.44358821919471814,0.3946986432502053,0.4154352320966357,5.680435456726869e-05,0.0032223620683168074,0.06323237445780011,0.19083884596142087,0.19775632028401274,0.1281181169258212,0.09140841706927273,0.31377840128082274,0.06758484116799847,0.0026497128948861372,6.514432033373298e-05
SYC,0.0539557274284096,0.03079578820387296,0.41480352506127,0.0023739677399372133,0.0007965167169035868,0.034259334300438773,0.039730871183926424,0.163933514925788,0.36915643735294457,0.28495863845998154,0.09237283465290153,0.8938713404153404,0.29390076438796325,0.03886170037490708,0.0003778941318099061
SLE,0.0539557274284096,0.6133482546905432,0.42566059203259043,0.3151687777295372,0.0021316037187876107,0.0004463766774356317,0.022748117136753055,0.2828395130357441,0.04049027181877016,0.20583550251043517,0.14006098793100283,0.3907362723026088,0.05103185701184017,0.0009966926717726683,0.0010116794794896064
SGP,0.0539557274284096,0.008080378037261578,0.40316373209045764,0.012298987573291845,1.7063466716565757e-05,0.034259334300438773,0.039730871183926424,0.22519317360609264,0.021546621256120096,0.054300745519010714,0.08765178095780445,0.23480306958109923,0.14605819818945215,0.03886170037490708,2.8160600010973813e-05
SXM,0.0539557274284096,0.40114077284113697,0.37041084083455633,0.18055639361262507,2.65924156621804e-06,0.034259334300438773,0.039730871183926424,0.19125287021094592,0.20412128539282398,0.2496856407475546,0.09356355247884385,0.3092445030900055,0.06758484116799847,0.03886170037490708,1.2616330098448132e-06
SVK,0.012563739056964982,0.4412367837363724,0.5325474402291316,0.39823834706739103,2.0408623766133687e-05,0.0013177311519584896,0.06670002589611342,0.1782014935052903,0.048412405961835034,0.11424165902084962,0.07459081139666036,0.40770361272210726,0.06758484116799847,0.0010279334928234751,1.375780758354582e-05
SVN,0.011323243334561826,0.33803562553086747,0.4402770804381691,0.12598720261693386,9.387639803498669e-06,0.00021702586706541163,0.08489878935669738,0.1720681157003354,0.04112505652454729,0.15013331648954148,0.0822051178426438,0.6260878967126426,0.001723478696668438,0.0001333678233180626,1.1445860086525002e-05
SLB,0.0539557274284096,0.03894927377443464,0.404332354268851,0.0093245032154183,0.00040568228554173667,9.842072867620067e-07,0.02877166101987527,0.204143272740749,0.10166461120519152,0.3394587711174742,0.09753476495765748,0.797327626267784,0.028951754374759227,1.75077237374846e-06,0.0002286090028095237
SOM,0.0539557274284096,0.7742464907607116,0.3976620192153606,0.02192352368505996,0.00031656582438482136,4.217615609464556e-05,0.005314098275750447,0.15513183982804307,0.8676946278857509,0.6361192437096501,0.09398938222165071,0.1074965555789973,0.004835634565076998,0.00036041236514220077,0.00015018939945370854
ZAF,0.029185091911266836,0.8768858330329155,0.4029023513102952,0.13653028998705738,0.005750324968207274,0.004586952698715025,0.05328125337188976,0.19493394111216114,0.09255835812993823,0.12324507645549622,0.10237522273453718,0.07701664923894805,0.0012144179023373376,0.004465154336552343,0.002756043718300648
SSD,0.0539557274284096,0.40114077284113697,0.37041084083455633,0.18055639361262507,0.0003904336456686558,0.00028028974641023264,0.008486372170310104,0.19125287021094592,0.20412128539282398,0.2496856407475546,0.09356355247884385,0.3092445030900055,0.06758484116799847,0.0015816558024125042,0.00018533489044224262
ESP,0.21292144149472003,0.5953945025444174,0.42207880361634376,0.34226071784405593,0.010656353402195397,0.007840003301089426,0.04894095686139105,0.19862137973205848,0.14392211626291385,0.1971510381013474,0.09306170435549352,0.3697436289440512,0.014708511075160023,0.008297091871577927,0.0064173066379507706
LKA,0.0539557274284096,0.478968423600913,0.4233333067844687,0.2853567071318897,0.004518631811028823,0.0014327443240278813,0.046634584259479056,0.21768858747012063,0.257744215824988,0.2524646918249232,0.10403769495012583,0.3379839074475153,0.03819286547092501,0.0015898967697616211,0.002203428143691977
KNA,0.2342439348620797,0.2522956992683122,0.5004731740117077,0.26471332251491403,0.0003271289228284097,0.034259334300438773,0.039730871183926424,0.0537736023866437,0.11778397926677539,0.46030995120137663,0.030273527196575858,0.42773817239144524,0.06713780163984913,0.03886170037490708,0.000155205892611901
LCA,0.0539557274284096,0.18913793671332943,0.294120190114237,0.0676821854348697,1.980712864996532e-05,0.0,0.010477135889855195,0.12274167546834176,0.3706087958225884,0.4594766996609414,0.06413836177599794,0.3404311379790277,0.02793704372332324,0.0,9.506304599576712e-06
MAF,0.0539557274284096,0.40114077284113697,0.37041084083455633,0.18055639361262507,9.391765848944665e-07,0.034259334300438773,0.039730871183926424,0.19125287021094592,0.20412128539282398,0.2496856407475546,0.09356355247884385,0.18584880484922453,0.06758484116799847,0.03886170037490708,4.455767376039221e-07
VCT,0.0539557274284096,0.280707377113842,0.3859747453990504,0.17646883380799247,0.000808040097023865,2.451648288221149e-07,0.37194371911348967,0.205922137602609,0.8246815042139648,0.4699178139825296,0.09365872476440656,0.6999351911860011,0.060902870633835315,3.4655035109826996e-08,0.00038336120818590035
SDN,0.03816990800347657,0.3146965256084307,0.44252168692368,0.11507521768028836,0.000749304626557319,0.0019861544308917498,0.00675187207319968,0.19641632849704452,0.06689221999080908,0.346007129801472,0.09276778661572092,0.08470930955700888,0.0012576668025229155,0.013763898708527856,0.00036550809980055666
SUR,0.0539557274284096,0.002272934227642448,0.42109211354774717,0.005098036739150883,0.0003744993013631429,8.349441268698739e-05,0.054887621657782854,0.24746604406396505,0.01817833055382007,0.2734397431528587,0.1250436284144975,0.9946338302009077,0.048281773165260056,7.893585277175954e-05,0.0001781555978386019
SWZ,0.0539557274284096,0.7838253328226634,0.43260213127761554,0.14004232974874073,6.226002079637474e-07,2.724913051113758e-05,0.01716022141176978,0.19725017140104137,0.185212096880361,0.322129924197689,0.09559674486103202,0.33363577446532733,0.0,7.972044276664602e-05,7.960303514497036e-07
SWE,0.029915499735905054,0.07938286767207338,0.38658558562167034,0.0875404793456293,0.0019133876221692659,0.0016522193558014826,0.06271310343339302,0.18220393944447533,0.04468703271786547,0.15772439827244492,0.08238881643000165,0.6916774926162589,0.017566137253282956,0.0013697056076808023,0.0009750670898031178
CHE,0.03949613439291489,0.42606162450638835,0.447598049831982,0.14068600180970792,2.2128688747457263e-05,0.0003451722103412859,0.08938879777293424,0.20951692701095115,0.037132316715142194,0.1018114546499297,0.09488950529970425,0.3169471801277634,0.0,0.00020156477380998896,1.7838088944750275e-05
SYR,0.17662985889618302,0.8362459595255942,0.48942290286136897,0.34947474171169196,6.224946825047705e-05,0.0017133711277281009,0.021793197954207037,0.18496488594882057,0.21037411793574873,0.40717167470349835,0.08923158880908207,0.02703314228091666,0.0004646742648598924,0.003986924555446561,6.708182817028036e-05
TJK,0.0539557274284096,0.3728670973799762,0.44929481835108115,0.07353172600107721,8.885243645855514e-06,0.00036714337848837454,0.03312679384535704,0.2305668278762948,0.04377682864283733,0.190729090212634,0.10847401583481824,0.029645726017080692,0.06758484116799847,0.0005693877716600751,6.903936192761894e-06
TZA,0.0539557274284096,0.47568885106166486,0.4145223075039513,0.19113307939126126,0.003691903155220148,0.002822462043198908,0.017900688405015214,0.25587859247317807,0.3226490383335661,0.18472744159466306,0.1221963003104506,0.5426942877959107,0.0015876400333420366,0.007931068163150742,0.0017878528788547981
THA,0.0539557274284096,0.45335521494869846,0.4366905590021469,0.4246395094609338,0.019365240790499526,0.014708817887144733,0.04210141565420056,0.2172809309392777,0.14122395349985517,0.08949182014243483,0.10615941363410915,0.3221506362646442,0.0519921111371529,0.018044674396281876,0.01520257979181253
TLS,0.0539557274284096,0.2745359097674363,0.2515305607147507,0.1388447545610602,3.375759432671234e-05,5.2538361580287654e-05,0.034027762791601024,0.18146274575203364,0.3053062940882308,0.27361963006539924,0.09769090875691165,0.4968739662514753,0.01210325459491834,7.937389241554775e-05,2.3805813340524156e-05
TGO,0.0539557274284096,0.7432394629444197,0.4264781273879342,0.6226072692672557,0.0002545379595981958,0.0003753374186065319,0.015687379960724224,0.24657661163303507,0.14711407539571153,0.24389760228696714,0.12378529309109614,0.04966793079004916,0.007634657945772338,0.0011958648619586748,0.00012086143845501444
TON,0.0539557274284096,0.48905968131439986,0.40288541972532105,0.3250137231313107,2.193874292129883e-05,0.034259334300438773,0.039730871183926424,0.25843571071210186,0.6425534262728729,0.5824908445698259,0.12090122526957767,0.12637718729747247,0.13148158437622234,0.03886170037490708,1.1911918334618112e-05
TTO,0.16266939920977797,0.11322801297176743,0.3896486446058881,0.06706630979707237,0.00013839663944821266,2.170294150368852e-06,0.021236161764388525,0.10769544351177573,0.02524513816504036,0.21031799132513626,0.08124070025901502,0.4493805262778893,0.047468618998398555,5.177462245408153e-06,6.568877505524339e-05
TUN,0.06610786187901735,0.7149437366057034,0.46812173607253815,0.25153799321492876,0.001069426658909662,0.000831400412962095,0.022224799844623316,0.18807789945707565,0.10102646628933647,0.2128671901020579,0.09082976651909547,0.06508880676361065,0.034704486220414776,0.0018985275814427183,0.0005480543807726264
TUR,0.23954469376142146,0.5472421618741383,0.41426047389825,0.36735476947449797,0.005432049631387026,0.012487105114992646,0.03920428796478129,0.20002964774769766,0.10619856551633994,0.07735245157667446,0.10392747579771112,0.14851236602241077,0.009500261347341355,0.01642706884664784,0.003522819804140169
TKM,0.0539557274284096,0.7944621932055016,0.5466943490905846,0.05681026105497715,0.00015827763591946183,0.0005366292661854319,0.03584723451088716,0.13708377341708822,0.0029404263721159217,0.22072529317421566,0.09679078567885813,0.08878916468013,0.06758484116799847,0.0007705394574515549,7.522236497189809e-05
TCA,0.0539557274284096,0.008254340089859435,0.37041084083455633,0.01447053032918079,4.009967441122441e-05,0.034259334300438773,0.039730871183926424,0.19125287021094592,0.14876710611324667,0.5025420374556742,0.09356355247884385,0.36609475730804686,1.0,0.03886170037490708,1.9024624751628136e-05
TUV,0.0539557274284096,0.6614238602439528,0.3900289886630396,0.18055639361262507,0.000125047668887634,0.034259334300438773,0.039730871183926424,0.19083884596142087,0.8269127866558919,0.6002548395407986,0.09208810184249684,0.3370058327932596,0.5843698213416394,0.03886170037490708,5.93393065443875e-05
UGA,0.0012894385176070817,0.7931504983986933,0.41284643037613084,0.4702474637760392,0.004615831311292451,0.001254562713046307,0.02716933900170482,0.16500824577982842,0.5410662976805372,0.25574968108139823,0.09178499917335636,0.13198890919901174,0.06758484116799847,0.002359314790277022,0.002619023464488828
UKR,0.015788952514564525,0.7861652111786053,0.5397160004354693,0.7722400780399665,0.0018992788683040536,0.019959432841872665,0.04978123179179524,0.27348194266866793,0.18664166402815158,0.1354160870852169,0.11122030971581828,0.16701020603457234,0.02174484058435592,0.02077250528511118,0.001018999954834825
ARE,0.3174347605214856,0.048746078808827635,0.3912001797565082,0.007406326785852985,0.0007929816140278605,3.366208894957423e-05,0.9255163037614104,0.06859747623547725,0.01677821230286127,0.12640615386942433,0.053851240883957596,0.038500900811505624,0.0861386466359859,1.9143441394668432e-06,0.0003782946502257299
GBR,0.005000540806075345,0.7827131755645348,0.4732053246622888,0.34491575572226985,0.006345689055209082,0.0076226393123425855,0.09335279138522626,0.19269183019252506,0.05960688547007122,0.16753650354287755,0.09258408802836306,0.12854502645460225,0.07585209499271765,0.004263955519913114,0.00400673416450674
USA,0.09710337042353852,0.486779108246463,0.34469856028318635,0.2282301011234528,0.054062341374192725,0.13725490710186455,0.09112060035822957,0.18383456556784702,0.10043706336872629,0.08794392330880597,0.09471499164171428,0.341516353148604,0.020896430396516733,0.07864101605025356,0.02763801480152911
URY,0.024188758246807128,0.9162348257744618,0.49109029673216975,0.18497563882149515,0.0009420046671950476,0.0015717428476498946,0.05720613306286282,0.29125206144495713,0.623930764009594,0.20403891280738545,0.10547972886088507,0.10132357061239086,0.02713909887438963,0.0014265689754904107,0.0004473080785859243
UZB,0.0539557274284096,0.6902322596842239,0.43908353793580496,0.13912983999688303,8.982327068114269e-05,0.0025060273374019125,0.06300173719760892,0.2353104675079215,0.20412128539282398,0.2496856407475546,0.1185774381395007,0.0775821650531496,0.06758484116799847,0.0020681334818744247,8.628318167289073e-05
VUT,0.0539557274284096,0.16657121106826087,0.43489045889404226,0.02256581248648711,0.0006259084311026735,2.944816323044216e-07,0.006846284986728241,0.236422258046584,0.853952806726829,0.4855855175955416,0.10960376214706909,0.36492838333642563,0.014800326581087651,2.015536841987538e-06,0.0002972372325832995
VEN,0.0539557274284096,0.2679357312142306,0.380807056405114,0.04211871319745462,0.0021344951163635778,0.0010680362731589495,0.039785601760935714,0.18820760835325293,0.0006033116391538503,0.30385456305871966,0.10535113984973456,0.5426242841539346,0.02609405385792224,0.001384924712899634,0.0011326021972622416
VNM,0.0539557274284096,0.38141356662860293,0.42050099752058334,0.28578920395421603,0.024926200322572742,0.01675905223082022,0.07172818791946309,0.21865213927029484,0.18614458788900032,0.15925431999229928,0.10794128993148042,0.4648652392814691,0.27569792095221535,0.012167801459884385,0.026142257545152793
VIR,0.0539557274284096,0.12322550562718676,0.37041084083455633,0.03931168564637741,1.0573650989486017e-05,0.034259334300438773,0.039730871183926424,0.19125287021094592,0.0093233743838605,0.2176757810104471,0.10212722964160405,0.5213961670215724,0.11879828569769997,0.03886170037490708,5.066557960170441e-06
PSE,0.097488805260519,0.47423243526267683,0.5660925789581186,0.09945279665414454,1.3897702947258566e-05,8.79861445724982e-06,0.0205779688815037,0.14451424018381603,0.12602611023458452,0.42748703006121885,0.07008101107702482,0.015400382824157127,0.001699649774423129,2.163583151976719e-05,7.539759177882098e-06
YEM,0.053549579548562626,0.48877985343630714,0.2890567836689649,0.03025144155361462,0.0016594933678708292,0.00028971138465823734,0.012938615421135542,0.22020864602442233,0.07268446485058079,0.6168146342866285,0.11773242463765454,0.01051288153892265,0.007415407433492798,0.001107046779374997,0.0007880700479352066
ZMB,0.0539557274284096,0.3488955568194148,0.44833961143835444,0.06664487052913538,0.0007319562411015155,0.0011969723948848355,0.03598750512527245,0.3258472770396725,0.06900995432038053,0.08838407185281309,0.16031375718720722,0.6705037476240043,0.06758484116799847,0.0017121444854136423,0.00039998272244258596
ZWE,0.0539557274284096,0.46633621453035684,0.3982811362825741,0.14943775739137125,0.00011079117937985398,0.00041979456556152104,0.007148406310019637,0.1826857153445624,0.2633885763848228,0.28613842418702873,0.08161728236309862,0.4001627382239065,0.06758484116799847,0.0027649325694178856,9.102281647614503e-05
