CountryCode,IndicatorCode,1960,1970,1980,1990,2000,2005,2010,2011,2012,2013,2014,2015,2016
ARB,EN.BIR.THRD.NO,,,,,,,,,,,,,0.0676075574778056
ARB,EN.MAM.THRD.NO,,,,,,,,,,,,,0.06958308866705813
ARB,ER.MRN.PTMR.ZS,,,,0.026433918486717948,0.04311918620498824,,,,,,0.0547225604340676,,
ARB,EN.HPT.THRD.NO,,,,,,,,,,,,,0.022582359192348564
ARB,ER.LND.PTLD.ZS,,,,0.05038558488072037,0.12944275629975963,,,,,,0.17439188894043667,,
CSS,EN.BIR.THRD.NO,,,,,,,,,,,,,0.015023901661734578
CSS,SL.IND.EMPL.ZS,,,,,,0.5,,,,,,,
CSS,SL.EMP.TOTL.SP.ZS,,,,,0.0,1.0,0.298542320570251,0.3378067130089762,0.24175124599124645,0.33993761218667456,0.49246778666526686,0.5621240130790217,0.5401463554086732
CSS,EN.ATM.METH.EG.ZS,,0.0,0.1837081707443399,0.334898037866917,0.6435741760526901,1.0,,,,,,,
CSS,TX.QTY.MRCH.XD.WD,,,,,,,,,,,,,
CSS,NE.RSB.GNFS.ZS,0.4280392340165461,0.700717559294393,0.883294352311449,1.0,0.8750913582592061,0.7657397855167516,0.8386627030040971,0.4935891011965331,0.0,0.527956311045615,0.13086106708422063,0.10527190439872809,0.10402602171999999
CSS,DT.DOD.DECT.GN.ZS,,,,,,,,,,,,,
CSS,DT.DOD.DPNG.CD,,,,,,,,,,,,,
CSS,DT.DOD.DPPG.CD,,,,,,,,,,,,,
CSS,DT.DOD.DSTC.CD,,,,,,,,,,,,,
CSS,DT.DOD.DECT.CD,,,,,,,,,,,,,
CSS,DT.DOD.VTOT.CD,,,,,,,,,,,,,
CSS,SH.XPD.EXTR.ZS,,,,,0.9067108238061333,0.1964012688572166,1.0,0.6183758348538528,0.26912015208666323,0.0,0.9806745364823065,,
CSS,SH.STA.FGMS.ZS,,,,,,,,,,,,,
CSS,EN.MAM.THRD.NO,,,,,,,,,,,,,0.01790957134468585
CSS,ER.MRN.PTMR.ZS,,,,0.08635662244742363,0.09474537375482463,,,,,,0.09611919202277308,,
CSS,EN.HPT.THRD.NO,,,,,,,,,,,,,0.023047290116896917
CSS,ER.LND.PTLD.ZS,,,,0.06878255901428111,0.1745137718616975,,,,,,0.241000991282918,,
CEB,EN.BIR.THRD.NO,,,,,,,,,,,,,0.029592533576143866
CEB,EN.MAM.THRD.NO,,,,,,,,,,,,,0.014679976512037582
CEB,ER.MRN.PTMR.ZS,,,,0.007974251532278036,0.08687071408149881,,,,,,0.3285419029705593,,
CEB,EN.HPT.THRD.NO,,,,,,,,,,,,,0.004250797024442083
CEB,ER.LND.PTLD.ZS,,,,0.1277465203129812,0.21810388202270597,,,,,,0.5122529107603926,,
EAR,EN.BIR.THRD.NO,,,,,,,,,,,,,0.373321192806738
EAR,EN.MAM.THRD.NO,,,,,,,,,,,,,0.405460951262478
EAR,ER.MRN.PTMR.ZS,,,,0.018315555487761617,0.0382164364454356,,,,,,0.06574138221532204,,
EAR,EN.HPT.THRD.NO,,,,,,,,,,,,,0.38781880977683314
EAR,ER.LND.PTLD.ZS,,,,0.13043686262261567,0.20450916940786726,,,,,,0.2608476688409622,,
EAS,EN.BIR.THRD.NO,,,,,,,,,,,,,0.2497154564079217
EAS,EN.MAM.THRD.NO,,,,,,,,,,,,,0.26952436876101
EAS,ER.MRN.PTMR.ZS,,,,0.08727831446983471,0.10201968138503391,,,,,,0.16922065150554935,,
EAS,EN.HPT.THRD.NO,,,,,,,,,,,,,0.23346174282678003
EAS,ER.LND.PTLD.ZS,,,,0.18453384434076867,0.23419890856534745,,,,,,0.28698200428357606,,
EAP,EN.BIR.THRD.NO,,,,,,,,,,,,,0.16753926701570682
EAP,EN.MAM.THRD.NO,,,,,,,,,,,,,0.21403405754550792
EAP,ER.MRN.PTMR.ZS,,,,0.004637838459465544,0.01015283518110648,,,,,,0.023593364450191924,,
EAP,EN.HPT.THRD.NO,,,,,,,,,,,,,0.18105738575982996
EAP,ER.LND.PTLD.ZS,,,,0.19823041071313366,0.25752662854138064,,,,,,0.28839274474421195,,
TEA,EN.BIR.THRD.NO,,,,,,,,,,,,,0.16071022080582745
TEA,EN.MAM.THRD.NO,,,,,,,,,,,,,0.21197886083382267
TEA,ER.MRN.PTMR.ZS,,,,0.0046647880914964905,0.010226411551935094,,,,,,0.023768418168308974,,
TEA,EN.HPT.THRD.NO,,,,,,,,,,,,,0.18012752391073325
TEA,ER.LND.PTLD.ZS,,,,0.1993893257142986,0.25910730768044793,,,,,,0.29019800983219723,,
EMU,EN.BIR.THRD.NO,,,,,,,,,,,,,0.042112451627589344
EMU,EN.MAM.THRD.NO,,,,,,,,,,,,,0.029359953024075163
EMU,ER.MRN.PTMR.ZS,,,,0.06774654797298714,0.16338205844812165,,,,,,0.3159844654200578,,
EMU,EN.HPT.THRD.NO,,,,,,,,,,,,,0.035334750265674814
EMU,ER.LND.PTLD.ZS,,,,0.17263259186416496,0.36786069710125713,,,,,,0.4707893322952682,,
ECS,EN.BIR.THRD.NO,,,,,,,,,,,,,0.1452310493967676
ECS,EN.MAM.THRD.NO,,,,,,,,,,,,,0.10275983558426306
ECS,ER.MRN.PTMR.ZS,,,,0.03464945644882572,0.10284105545921934,,,,,,0.12958502123718543,,
ECS,EN.HPT.THRD.NO,,,,,,,,,,,,,0.06854410201912858
ECS,ER.LND.PTLD.ZS,,,,0.10524547396063853,0.19932303588835393,,,,,,0.23285956004548758,,
ECA,EN.BIR.THRD.NO,,,,,,,,,,,,,0.08376963350785341
ECA,EN.MAM.THRD.NO,,,,,,,,,,,,,0.056664709336465065
ECA,ER.MRN.PTMR.ZS,,,,0.018514850680502893,0.08707099992428285,,,,,,0.09188733567760099,,
ECA,EN.HPT.THRD.NO,,,,,,,,,,,,,0.029556323060573857
ECA,ER.LND.PTLD.ZS,,,,0.07956178727842562,0.16212164725303393,,,,,,0.18108872208255503,,
TEC,EN.BIR.THRD.NO,,,,,,,,,,,,,0.08627361711814249
TEC,EN.MAM.THRD.NO,,,,,,,,,,,,,0.05813270698766882
TEC,ER.MRN.PTMR.ZS,,,,0.018455093578762412,0.08612527200909183,,,,,,0.09757281634591795,,
TEC,EN.HPT.THRD.NO,,,,,,,,,,,,,0.030220510095642934
TEC,ER.LND.PTLD.ZS,,,,0.08120407026013253,0.16465860934509602,,,,,,0.18596597855752442,,
EUU,EN.BIR.THRD.NO,,,,,,,,,,,,,0.06669701798315501
EUU,EN.MAM.THRD.NO,,,,,,,,,,,,,0.042278332354668234
EUU,ER.MRN.PTMR.ZS,,,,0.053407616876404586,0.13987065943776372,,,,,,0.28859428161412265,,
EUU,EN.HPT.THRD.NO,,,,,,,,,,,,,0.03998405951115834
EUU,ER.LND.PTLD.ZS,,,,0.17151761508497143,0.3279647960029493,,,,,,0.4635760306596811,,
FCS,EN.BIR.THRD.NO,,,,,,,,,,,,,0.12997951286137036
FCS,EN.MAM.THRD.NO,,,,,,,,,,,,,0.14533176746917206
FCS,ER.MRN.PTMR.ZS,,,,0.006875368995218714,0.021682705040118443,,,,,,0.03117663743248225,,
FCS,EN.HPT.THRD.NO,,,,,,,,,,,,,0.07418969181721573
FCS,ER.LND.PTLD.ZS,,,,0.10424086754431834,0.10864401980888719,,,,,,0.17019587003435593,,
HPC,EN.BIR.THRD.NO,,,,,,,,,,,,,0.16731163214204417
HPC,EN.MAM.THRD.NO,,,,,,,,,,,,,0.22431004110393424
HPC,ER.MRN.PTMR.ZS,,,,0.02414265273158495,0.03597399999508066,,,,,,0.052768112357168294,,
HPC,EN.HPT.THRD.NO,,,,,,,,,,,,,0.2015807651434644
HPC,ER.LND.PTLD.ZS,,,,0.1828130650409036,0.20011499043823963,,,,,,0.2705540498559078,,
HIC,EN.BIR.THRD.NO,,,,,,,,,,,,,0.20737536990666972
HIC,EN.MAM.THRD.NO,,,,,,,,,,,,,0.1529653552554316
HIC,ER.MRN.PTMR.ZS,,,,0.1345582811332124,0.16772221674801696,,,,,,0.2365938978286431,,
HIC,EN.HPT.THRD.NO,,,,,,,,,,,,,0.14426142401700318
HIC,ER.LND.PTLD.ZS,,,,0.17855568106569492,0.2406137894889272,,,,,,0.28915657167623227,,
IBD,EN.BIR.THRD.NO,,,,,,,,,,,,,0.47416344183928977
IBD,EN.MAM.THRD.NO,,,,,,,,,,,,,0.4682912507339988
IBD,ER.MRN.PTMR.ZS,,,,0.019222226775470988,0.06453449892125952,,,,,,0.0926295728393684,,
IBD,EN.HPT.THRD.NO,,,,,,,,,,,,,0.5771785334750266
IBD,ER.LND.PTLD.ZS,,,,0.13510348656325494,0.20279223983030786,,,,,,0.27467890325501754,,
IBT,EN.BIR.THRD.NO,,,,,,,,,,,,,0.761438652401548
IBT,EN.MAM.THRD.NO,,,,,,,,,,,,,0.8335290663534939
IBT,ER.MRN.PTMR.ZS,,,,0.019341372552628616,0.05514083191988734,,,,,,0.07906845177367637,,
IBT,EN.HPT.THRD.NO,,,,,,,,,,,,,0.8450451647183846
IBT,ER.LND.PTLD.ZS,,,,0.14266096737172645,0.19886414922541196,,,,,,0.2683653263320885,,
IDB,EN.BIR.THRD.NO,,,,,,,,,,,,,0.05827452765763715
IDB,EN.MAM.THRD.NO,,,,,,,,,,,,,0.07017028772753964
IDB,ER.MRN.PTMR.ZS,,,,0.006918905993446131,0.03105311965072712,,,,,,0.041965230821989136,,
IDB,EN.HPT.THRD.NO,,,,,,,,,,,,,0.07857332624867162
IDB,ER.LND.PTLD.ZS,,,,0.13363654399038066,0.18917678000165897,,,,,,0.2646400182938083,,
IDX,EN.BIR.THRD.NO,,,,,,,,,,,,,0.229000682904621
IDX,EN.MAM.THRD.NO,,,,,,,,,,,,,0.2950675278919554
IDX,ER.MRN.PTMR.ZS,,,,0.023304817404569692,0.030219000684544566,,,,,,0.04378262113695952,,
IDX,EN.HPT.THRD.NO,,,,,,,,,,,,,0.1892933049946865
IDX,ER.LND.PTLD.ZS,,,,0.1708551117064706,0.18833231879784887,,,,,,0.24805654976390967,,
IDA,EN.BIR.THRD.NO,,,,,,,,,,,,,0.28727521056225813
IDA,EN.MAM.THRD.NO,,,,,,,,,,,,,0.36523781561949503
IDA,ER.MRN.PTMR.ZS,,,,0.01965517132989681,0.030404827954085143,,,,,,0.043377953189959816,,
IDA,EN.HPT.THRD.NO,,,,,,,,,,,,,0.26786663124335813
IDA,ER.LND.PTLD.ZS,,,,0.16256539280333032,0.1885204501389401,,,,,,0.25174909621848846,,
LTE,EN.BIR.THRD.NO,,,,,,,,,,,,,0.2729342135215115
LTE,EN.MAM.THRD.NO,,,,,,,,,,,,,0.23135642982971227
LTE,ER.MRN.PTMR.ZS,,,,0.016128587438133498,0.07391149772182762,,,,,,0.09962273977874826,,
LTE,EN.HPT.THRD.NO,,,,,,,,,,,,,0.28752656748140276
LTE,ER.LND.PTLD.ZS,,,,0.13966949125449898,0.22447252791285713,,,,,,0.30160510215939723,,
LCN,EN.BIR.THRD.NO,,,,,,,,,,,,,0.2301388572729342
LCN,EN.MAM.THRD.NO,,,,,,,,,,,,,0.18261890780974752
LCN,ER.MRN.PTMR.ZS,,,,0.036459233521239386,0.10304387821213959,,,,,,0.15498952836815655,,
LCN,EN.HPT.THRD.NO,,,,,,,,,,,,,0.33926673751328373
LCN,ER.LND.PTLD.ZS,,,,0.16258462149670233,0.26543333074501196,,,,,,0.4290149566585714,,
LAC,EN.BIR.THRD.NO,,,,,,,,,,,,,0.21056225813794674
LAC,EN.MAM.THRD.NO,,,,,,,,,,,,,0.1650029359953024
LAC,ER.MRN.PTMR.ZS,,,,0.03694698418203031,0.10682071075361715,,,,,,0.16096681802164506,,
LAC,EN.HPT.THRD.NO,,,,,,,,,,,,,0.3238575982996812
LAC,ER.LND.PTLD.ZS,,,,0.1583633775545145,0.2655984408856387,,,,,,0.4361960570291152,,
TLA,EN.BIR.THRD.NO,,,,,,,,,,,,,0.22080582745276575
TLA,EN.MAM.THRD.NO,,,,,,,,,,,,,0.1717557251908397
TLA,ER.MRN.PTMR.ZS,,,,0.03662166455967547,0.10364920044403989,,,,,,0.1555983426357408,,
TLA,EN.HPT.THRD.NO,,,,,,,,,,,,,0.3187433581296493
TLA,ER.LND.PTLD.ZS,,,,0.16304398803811096,0.2665289223828461,,,,,,0.43033330043107093,,
LDC,EN.BIR.THRD.NO,,,,,,,,,,,,,0.20122922831777829
LDC,EN.MAM.THRD.NO,,,,,,,,,,,,,0.26746917204932474
LDC,ER.MRN.PTMR.ZS,,,,0.023516129398457625,0.0292928579524333,,,,,,0.04134356881201805,,
LDC,EN.HPT.THRD.NO,,,,,,,,,,,,,0.1600690754516472
LDC,ER.LND.PTLD.ZS,,,,0.1666939252734035,0.17860051780708278,,,,,,0.23737678416608848,,
LMY,EN.BIR.THRD.NO,,,,,,,,,,,,,0.7521056225813795
LMY,EN.MAM.THRD.NO,,,,,,,,,,,,,0.8235466823253083
LMY,ER.MRN.PTMR.ZS,,,,0.019257314376628313,0.05544748171094467,,,,,,0.0779117683731377,,
LMY,EN.HPT.THRD.NO,,,,,,,,,,,,,0.8459750265674814
LMY,ER.LND.PTLD.ZS,,,,0.1412257256819248,0.1974137402156682,,,,,,0.26672061202564057,,
LIC,EN.BIR.THRD.NO,,,,,,,,,,,,,0.13635328932392443
LIC,EN.MAM.THRD.NO,,,,,,,,,,,,,0.18173810921902525
LIC,ER.MRN.PTMR.ZS,,,,0.0112219062997332,0.018740410061238687,,,,,,0.03458850334197727,,
LIC,EN.HPT.THRD.NO,,,,,,,,,,,,,0.1303134962805526
LIC,ER.LND.PTLD.ZS,,,,0.20249201663345254,0.2070561720549235,,,,,,0.28056499177755945,,
LMC,EN.BIR.THRD.NO,,,,,,,,,,,,,0.28272251308900526
LMC,EN.MAM.THRD.NO,,,,,,,,,,,,,0.34321785085143863
LMC,ER.MRN.PTMR.ZS,,,,0.020496288362937588,0.0344374113560999,,,,,,0.048041653267987046,,
LMC,EN.HPT.THRD.NO,,,,,,,,,,,,,0.2699920297555792
LMC,ER.LND.PTLD.ZS,,,,0.11615951220821641,0.1628622927230341,,,,,,0.21467932033975484,,
MEA,EN.BIR.THRD.NO,,,,,,,,,,,,,0.06351012975187799
MEA,EN.MAM.THRD.NO,,,,,,,,,,,,,0.06576629477392835
MEA,ER.MRN.PTMR.ZS,,,,0.005223408916472681,0.025967776982514058,,,,,,0.03747172191406999,,
MEA,EN.HPT.THRD.NO,,,,,,,,,,,,,0.01926142401700319
MEA,ER.LND.PTLD.ZS,,,,0.07036124799218875,0.1673298495847534,,,,,,0.21545017956325163,,
MNA,EN.BIR.THRD.NO,,,,,,,,,,,,,0.04302299112223993
MNA,EN.MAM.THRD.NO,,,,,,,,,,,,,0.04932472108044627
MNA,ER.MRN.PTMR.ZS,,,,0.0052717153205031515,0.024846633750188037,,,,,,0.037757657248877564,,
MNA,EN.HPT.THRD.NO,,,,,,,,,,,,,0.017800212539851222
MNA,ER.LND.PTLD.ZS,,,,0.05405414724741954,0.06556489776591669,,,,,,0.12598437441282637,,
TMN,EN.BIR.THRD.NO,,,,,,,,,,,,,0.04006373776462554
TMN,EN.MAM.THRD.NO,,,,,,,,,,,,,0.04844392248972402
TMN,ER.MRN.PTMR.ZS,,,,0.0052717153205031515,0.024846633750188037,,,,,,0.037757657248877564,,
TMN,EN.HPT.THRD.NO,,,,,,,,,,,,,0.0176009564293305
TMN,ER.LND.PTLD.ZS,,,,0.05405414724741954,0.06556489776591669,,,,,,0.12598437441282637,,
MIC,EN.BIR.THRD.NO,,,,,,,,,,,,,0.61962212610972
MIC,EN.MAM.THRD.NO,,,,,,,,,,,,,0.6447445684086905
MIC,ER.MRN.PTMR.ZS,,,,0.020581904407384447,0.06148928143960509,,,,,,0.0855243467411699,,
MIC,EN.HPT.THRD.NO,,,,,,,,,,,,,0.716192879914984
MIC,ER.LND.PTLD.ZS,,,,0.13109993636044168,0.19581262203351518,,,,,,0.2645986853765917,,
NAC,EN.BIR.THRD.NO,,,,,,,,,,,,,0.021170043250625995
NAC,EN.MAM.THRD.NO,,,,,,,,,,,,,0.015560775102759836
NAC,ER.MRN.PTMR.ZS,,,,0.11417217643448056,0.14260019335369492,,,,,,0.16383725309658825,,
NAC,EN.HPT.THRD.NO,,,,,,,,,,,,,0.031880977683315624
NAC,ER.LND.PTLD.ZS,,,,0.17812179007879853,0.19160032181188202,,,,,,0.21405704928026176,,
INX,EN.BIR.THRD.NO,,,,,,,,,,,,,
INX,EN.MAM.THRD.NO,,,,,,,,,,,,,
INX,ER.MRN.PTMR.ZS,,,,,,,,,,,,,
INX,EN.HPT.THRD.NO,,,,,,,,,,,,,
INX,ER.LND.PTLD.ZS,,,,,,,,,,,,,
OED,EN.BIR.THRD.NO,,,,,,,,,,,,,0.14796266788071932
OED,EN.MAM.THRD.NO,,,,,,,,,,,,,0.12742219612448621
OED,ER.MRN.PTMR.ZS,,,,0.1333762324538395,0.1704627034748963,,,,,,0.2428285802675992,,
OED,EN.HPT.THRD.NO,,,,,,,,,,,,,0.12048352816153028
OED,ER.LND.PTLD.ZS,,,,0.16667303631255687,0.20582270898997237,,,,,,0.25927730176415115,,
OSS,EN.BIR.THRD.NO,,,,,,,,,,,,,0.05850216253129979
OSS,EN.MAM.THRD.NO,,,,,,,,,,,,,0.06694069289489137
OSS,ER.MRN.PTMR.ZS,,,,0.0030682818446015952,0.013674336450129911,,,,,,0.14021288725887437,,
OSS,EN.HPT.THRD.NO,,,,,,,,,,,,,0.04350425079702444
OSS,ER.LND.PTLD.ZS,,,,0.2065996273640645,0.3077825500971207,,,,,,0.5361667057971097,,
PSS,EN.BIR.THRD.NO,,,,,,,,,,,,,0.01912132938766219
PSS,EN.MAM.THRD.NO,,,,,,,,,,,,,0.014973576042278332
PSS,ER.MRN.PTMR.ZS,,,,0.0008312314271728016,0.006005773929171805,,,,,,0.027715013057527316,,
PSS,EN.HPT.THRD.NO,,,,,,,,,,,,,0.0070403825717322
PSS,ER.LND.PTLD.ZS,,,,0.023652620791708018,0.04630592995250231,,,,,,0.07271704078853825,,
PST,EN.BIR.THRD.NO,,,,,,,,,,,,,0.1393125426815388
PST,EN.MAM.THRD.NO,,,,,,,,,,,,,0.09864944216089254
PST,ER.MRN.PTMR.ZS,,,,0.14474666700479463,0.17955470461848055,,,,,,0.2494865206948116,,
PST,EN.HPT.THRD.NO,,,,,,,,,,,,,0.09969447396386823
PST,ER.LND.PTLD.ZS,,,,0.1713685982032848,0.2067197496901825,,,,,,0.2588629620657935,,
PRE,EN.BIR.THRD.NO,,,,,,,,,,,,,0.15524698383792396
PRE,EN.MAM.THRD.NO,,,,,,,,,,,,,0.22313564298297123
PRE,ER.MRN.PTMR.ZS,,,,0.024988250420865204,0.03691014664704557,,,,,,0.05067037133525872,,
PRE,EN.HPT.THRD.NO,,,,,,,,,,,,,0.20231137088204038
PRE,ER.LND.PTLD.ZS,,,,0.1703063561890446,0.17635183465836313,,,,,,0.2432102401294673,,
SST,EN.BIR.THRD.NO,,,,,,,,,,,,,0.09264739358069657
SST,EN.MAM.THRD.NO,,,,,,,,,,,,,0.09982384028185555
SST,ER.MRN.PTMR.ZS,,,,0.017054614075422733,0.027177655687588037,,,,,,0.12990977676500498,,
SST,EN.HPT.THRD.NO,,,,,,,,,,,,,0.07359192348565356
SST,ER.LND.PTLD.ZS,,,,0.17884043999446766,0.2786494275753622,,,,,,0.47453049302483136,,
SAS,EN.BIR.THRD.NO,,,,,,,,,,,,,0.054177099931709535
SAS,EN.MAM.THRD.NO,,,,,,,,,,,,,0.07369348209042866
SAS,ER.MRN.PTMR.ZS,,,,0.01237407787832343,0.014679131667835495,,,,,,0.0229401876163673,,
SAS,EN.HPT.THRD.NO,,,,,,,,,,,,,0.04994686503719448
SAS,ER.LND.PTLD.ZS,,,,0.09688420997605825,0.11167592270146691,,,,,,0.12154260425638987,,
TSA,EN.BIR.THRD.NO,,,,,,,,,,,,,0.054177099931709535
TSA,EN.MAM.THRD.NO,,,,,,,,,,,,,0.07369348209042866
TSA,ER.MRN.PTMR.ZS,,,,0.01237407787832343,0.014679131667835495,,,,,,0.0229401876163673,,
TSA,EN.HPT.THRD.NO,,,,,,,,,,,,,0.04994686503719448
TSA,ER.LND.PTLD.ZS,,,,0.09688420997605825,0.11167592270146691,,,,,,0.12154260425638987,,
SSF,EN.BIR.THRD.NO,,,,,,,,,,,,,0.1994081493284771
SSF,EN.MAM.THRD.NO,,,,,,,,,,,,,0.26952436876101
SSF,ER.MRN.PTMR.ZS,,,,0.022073602718476668,0.03354874813850628,,,,,,0.0605273414973668,,
SSF,EN.HPT.THRD.NO,,,,,,,,,,,,,0.24840595111583422
SSF,ER.LND.PTLD.ZS,,,,0.1899526074054949,0.20245245302160922,,,,,,0.2818788171748147,,
SSA,EN.BIR.THRD.NO,,,,,,,,,,,,,0.19690416571818803
SSA,EN.MAM.THRD.NO,,,,,,,,,,,,,0.26776277157956546
SSA,ER.MRN.PTMR.ZS,,,,0.02207388878187218,0.033549251672529215,,,,,,0.06052829891529262,,
SSA,EN.HPT.THRD.NO,,,,,,,,,,,,,0.24428799149840594
SSA,ER.LND.PTLD.ZS,,,,0.18994152121997787,0.20244158625950046,,,,,,0.2818694486825493,,
TSS,EN.BIR.THRD.NO,,,,,,,,,,,,,0.1994081493284771
TSS,EN.MAM.THRD.NO,,,,,,,,,,,,,0.26952436876101
TSS,ER.MRN.PTMR.ZS,,,,0.022073602718476668,0.03354874813850628,,,,,,0.0605273414973668,,
TSS,EN.HPT.THRD.NO,,,,,,,,,,,,,0.24840595111583422
TSS,ER.LND.PTLD.ZS,,,,0.1899526074054949,0.20245245302160922,,,,,,0.2818788171748147,,
UMC,EN.BIR.THRD.NO,,,,,,,,,,,,,0.33689961302071475
UMC,EN.MAM.THRD.NO,,,,,,,,,,,,,0.3015267175572519
UMC,ER.MRN.PTMR.ZS,,,,0.020616291046109972,0.0723556572567696,,,,,,0.1001869321655354,,
UMC,EN.HPT.THRD.NO,,,,,,,,,,,,,0.4462008501594049
UMC,ER.LND.PTLD.ZS,,,,0.13710057527161254,0.20904833034062306,,,,,,0.28412628295189307,,
WLD,EN.BIR.THRD.NO,,,,,,,,,,,,,1.0
WLD,EN.MAM.THRD.NO,,,,,,,,,,,,,1.0
WLD,ER.MRN.PTMR.ZS,,,,0.05067237393255065,0.08609455241557339,,,,,,0.12145367971624327,,
WLD,EN.HPT.THRD.NO,,,,,,,,,,,,,1.0
WLD,ER.LND.PTLD.ZS,,,,0.15139801099105124,0.20920842935820091,,,,,,0.2730526012343982,,
AFG,EN.BIR.THRD.NO,,,,,,,,,,,,,0.003869792852264967
AFG,EN.MAM.THRD.NO,,,,,,,,,,,,,0.0032295948326482677
AFG,ER.MRN.PTMR.ZS,,,,0.0,0.0,,,,,,0.0,,
AFG,EN.HPT.THRD.NO,,,,,,,,,,,,,0.00033209351753453773
AFG,ER.LND.PTLD.ZS,,,,0.0066359447004608295,0.0066359447004608295,,,,,,0.00847926267281106,,
ALB,EN.BIR.THRD.NO,,,,,,,,,,,,,0.0022763487366264513
ALB,EN.MAM.THRD.NO,,,,,,,,,,,,,0.0008807985907222549
ALB,ER.MRN.PTMR.ZS,,,,0.0,0.006979062811565304,,,,,,0.014955134596211367,,
ALB,EN.HPT.THRD.NO,,,,,,,,,,,,,0.0
ALB,ER.LND.PTLD.ZS,,,,0.003870967741935484,0.009585253456221198,,,,,,0.043133640552995386,,
DZA,EN.BIR.THRD.NO,,,,,,,,,,,,,0.0031868882312770315
DZA,EN.MAM.THRD.NO,,,,,,,,,,,,,0.004110393423370522
DZA,ER.MRN.PTMR.ZS,,,,0.0009970089730807579,0.0009970089730807579,,,,,,0.011964107676969092,,
DZA,EN.HPT.THRD.NO,,,,,,,,,,,,,0.001195536663124336
DZA,ER.LND.PTLD.ZS,,,,0.11612903225806451,0.11631336405529953,,,,,,0.14488479262672813,,
ASM,EN.BIR.THRD.NO,,,,,,,,,,,,,0.001821078989301161
ASM,EN.MAM.THRD.NO,,,,,,,,,,,,,0.0002935995302407516
ASM,ER.MRN.PTMR.ZS,,,,0.022931206380857428,0.022931206380857428,,,,,,0.1724825523429711,,
ASM,EN.HPT.THRD.NO,,,,,,,,,,,,,6.641870350690754e-05
ASM,ER.LND.PTLD.ZS,,,,0.21013824884792628,0.21271889400921656,,,,,,0.23299539170506914,,
AND,EN.BIR.THRD.NO,,,,,,,,,,,,,0.00045526974732529026
AND,EN.MAM.THRD.NO,,,,,,,,,,,,,0.0005871990604815032
AND,ER.MRN.PTMR.ZS,,,,0.0,0.0,,,,,,0.0,,
AND,EN.HPT.THRD.NO,,,,,,,,,,,,,0.0
AND,ER.LND.PTLD.ZS,,,,0.10193548387096775,0.17050691244239632,,,,,,0.35944700460829493,,
AGO,EN.BIR.THRD.NO,,,,,,,,,,,,,0.005918506715228773
AGO,EN.MAM.THRD.NO,,,,,,,,,,,,,0.0049911920140927775
AGO,ER.MRN.PTMR.ZS,,,,0.0009970089730807579,0.0009970089730807579,,,,,,0.0009970089730807579,,
AGO,EN.HPT.THRD.NO,,,,,,,,,,,,,0.0022582359192348566
AGO,ER.LND.PTLD.ZS,,,,0.12847926267281107,0.12847926267281107,,,,,,0.12866359447004608,,
ATG,EN.BIR.THRD.NO,,,,,,,,,,,,,0.00022763487366264513
ATG,EN.MAM.THRD.NO,,,,,,,,,,,,,0.0005871990604815032
ATG,ER.MRN.PTMR.ZS,,,,0.0019940179461615157,0.0019940179461615157,,,,,,0.013958125623130608,,
ATG,EN.HPT.THRD.NO,,,,,,,,,,,,,0.00026567481402763017
ATG,ER.LND.PTLD.ZS,,,,0.0,0.0,,,,,,0.10119815668202765,,
ARG,EN.BIR.THRD.NO,,,,,,,,,,,,,0.011381743683132255
ARG,EN.MAM.THRD.NO,,,,,,,,,,,,,0.01086318261890781
ARG,ER.MRN.PTMR.ZS,,,,0.02691924227318046,0.05084745762711864,,,,,,0.08873379860418744,,
ARG,EN.HPT.THRD.NO,,,,,,,,,,,,,0.004649309245483528
ARG,ER.LND.PTLD.ZS,,,,0.08055299539170507,0.10470046082949308,,,,,,0.12534562211981568,,
ARM,EN.BIR.THRD.NO,,,,,,,,,,,,,0.0034145231049396768
ARM,EN.MAM.THRD.NO,,,,,,,,,,,,,0.0026423957721667646
ARM,ER.MRN.PTMR.ZS,,,,0.0,0.0,,,,,,0.0,,
ARM,EN.HPT.THRD.NO,,,,,,,,,,,,,0.004715727948990436
ARM,ER.LND.PTLD.ZS,,,,0.14580645161290323,0.34285714285714286,,,,,,0.45622119815668205,,
ABW,EN.BIR.THRD.NO,,,,,,,,,,,,,0.00022763487366264513
ABW,EN.MAM.THRD.NO,,,,,,,,,,,,,0.0005871990604815032
ABW,ER.MRN.PTMR.ZS,,,,0.0,0.0,,,,,,0.0,,
ABW,EN.HPT.THRD.NO,,,,,,,,,,,,,0.00013283740701381508
ABW,ER.LND.PTLD.ZS,,,,0.008847926267281106,0.008847926267281106,,,,,,0.008847926267281106,,
AUS,EN.BIR.THRD.NO,,,,,,,,,,,,,0.011381743683132255
AUS,EN.MAM.THRD.NO,,,,,,,,,,,,,0.01849677040516735
AUS,ER.MRN.PTMR.ZS,,,,0.26520438683948155,0.29810568295114653,,,,,,0.48354935194416754,,
AUS,EN.HPT.THRD.NO,,,,,,,,,,,,,0.006110520722635494
AUS,ER.LND.PTLD.ZS,,,,0.1400921658986175,0.17142857142857143,,,,,,0.26967741935483874,,
AUT,EN.BIR.THRD.NO,,,,,,,,,,,,,0.0027316184839517414
AUT,EN.MAM.THRD.NO,,,,,,,,,,,,,0.0008807985907222549
AUT,ER.MRN.PTMR.ZS,,,,0.0,0.0,,,,,,0.0,,
AUT,EN.HPT.THRD.NO,,,,,,,,,,,,,0.0008634431455897981
AUT,ER.LND.PTLD.ZS,,,,0.35354838709677416,0.47133640552995393,,,,,,0.5225806451612903,,
AZE,EN.BIR.THRD.NO,,,,,,,,,,,,,0.004097427725927612
AZE,EN.MAM.THRD.NO,,,,,,,,,,,,,0.002348796241926013
AZE,ER.MRN.PTMR.ZS,,,,0.0,0.0,,,,,,0.0,,
AZE,EN.HPT.THRD.NO,,,,,,,,,,,,,0.002789585547290117
AZE,ER.LND.PTLD.ZS,,,,0.09566820276497696,0.10691244239631337,,,,,,0.2575115207373272,,
BHS,EN.BIR.THRD.NO,,,,,,,,,,,,,0.0015934441156385158
BHS,EN.MAM.THRD.NO,,,,,,,,,,,,,0.0017615971814445098
BHS,ER.MRN.PTMR.ZS,,,,0.0019940179461615157,0.0019940179461615157,,,,,,0.0039880358923230315,,
BHS,EN.HPT.THRD.NO,,,,,,,,,,,,,0.0005313496280552603
BHS,ER.LND.PTLD.ZS,,,,0.11188940092165899,0.1352995391705069,,,,,,0.24534562211981567,,
BHR,EN.BIR.THRD.NO,,,,,,,,,,,,,0.0013658092419758707
BHR,EN.MAM.THRD.NO,,,,,,,,,,,,,0.0008807985907222549
BHR,ER.MRN.PTMR.ZS,,,,0.0,0.007976071784646063,,,,,,0.07577268195413758,,
BHR,EN.HPT.THRD.NO,,,,,,,,,,,,,0.0
BHR,ER.LND.PTLD.ZS,,,,0.024884792626728113,0.051244239631336404,,,,,,0.05271889400921659,,
BGD,EN.BIR.THRD.NO,,,,,,,,,,,,,0.007511950830867289
BGD,EN.MAM.THRD.NO,,,,,,,,,,,,,0.010569583088667059
BGD,ER.MRN.PTMR.ZS,,,,0.0009970089730807579,0.020937188434695914,,,,,,0.024925224327018942,,
BGD,EN.HPT.THRD.NO,,,,,,,,,,,,,0.0013947927736450586
BGD,ER.LND.PTLD.ZS,,,,0.015299539170506912,0.07944700460829493,,,,,,0.0847926267281106,,
BRB,EN.BIR.THRD.NO,,,,,,,,,,,,,0.00045526974732529026
BRB,EN.MAM.THRD.NO,,,,,,,,,,,,,0.0008807985907222549
BRB,ER.MRN.PTMR.ZS,,,,0.0009970089730807579,0.0009970089730807579,,,,,,0.0009970089730807579,,
BRB,EN.HPT.THRD.NO,,,,,,,,,,,,,0.00019925611052072262
BRB,ER.LND.PTLD.ZS,,,,0.0022119815668202765,0.0022119815668202765,,,,,,0.00423963133640553,,
BLR,EN.BIR.THRD.NO,,,,,,,,,,,,,0.002048713862963806
BLR,EN.MAM.THRD.NO,,,,,,,,,,,,,0.0011743981209630064
BLR,ER.MRN.PTMR.ZS,,,,0.0,0.0,,,,,,0.0,,
BLR,EN.HPT.THRD.NO,,,,,,,,,,,,,6.641870350690754e-05
BLR,ER.LND.PTLD.ZS,,,,0.12,0.13235023041474653,,,,,,0.15797235023041475,,
BEL,EN.BIR.THRD.NO,,,,,,,,,,,,,0.001821078989301161
BEL,EN.MAM.THRD.NO,,,,,,,,,,,,,0.0005871990604815032
BEL,ER.MRN.PTMR.ZS,,,,0.036889332003988036,0.4426719840478564,,,,,,0.5593220338983051,,
BEL,EN.HPT.THRD.NO,,,,,,,,,,,,,0.0
BEL,ER.LND.PTLD.ZS,,,,0.13161290322580643,0.23317972350230415,,,,,,0.4213824884792627,,
BLZ,EN.BIR.THRD.NO,,,,,,,,,,,,,0.0011381743683132257
BLZ,EN.MAM.THRD.NO,,,,,,,,,,,,,0.0026423957721667646
BLZ,ER.MRN.PTMR.ZS,,,,0.004985044865403789,0.1365902293120638,,,,,,0.1415752741774676,,
BLZ,EN.HPT.THRD.NO,,,,,,,,,,,,,0.002391073326248672
BLZ,ER.LND.PTLD.ZS,,,,0.48,0.6488479262672812,,,,,,0.6757603686635945,,
BEN,EN.BIR.THRD.NO,,,,,,,,,,,,,0.0022763487366264513
BEN,EN.MAM.THRD.NO,,,,,,,,,,,,,0.003816793893129771
BEN,ER.MRN.PTMR.ZS,,,,0.0,0.0,,,,,,0.0,,
BEN,EN.HPT.THRD.NO,,,,,,,,,,,,,0.0011291179596174283
BEN,ER.LND.PTLD.ZS,,,,0.43889400921658983,0.46101382488479264,,,,,,0.5174193548387097,,
BMU,EN.BIR.THRD.NO,,,,,,,,,,,,,0.00022763487366264513
BMU,EN.MAM.THRD.NO,,,,,,,,,,,,,0.0011743981209630064
BMU,ER.MRN.PTMR.ZS,,,,0.04785643070787637,0.05084745762711864,,,,,,0.05084745762711864,,
BMU,EN.HPT.THRD.NO,,,,,,,,,,,,,0.0005313496280552603
BMU,ER.LND.PTLD.ZS,,,,0.09880184331797236,0.10635944700460828,,,,,,0.10635944700460828,,
BTN,EN.BIR.THRD.NO,,,,,,,,,,,,,0.004552697473252903
BTN,EN.MAM.THRD.NO,,,,,,,,,,,,,0.007633587786259542
BTN,ER.MRN.PTMR.ZS,,,,0.0,0.0,,,,,,0.0,,
BTN,EN.HPT.THRD.NO,,,,,,,,,,,,,0.001195536663124336
BTN,ER.LND.PTLD.ZS,,,,0.2615668202764977,0.6464516129032258,,,,,,0.8718894009216589,,
BOL,EN.BIR.THRD.NO,,,,,,,,,,,,,0.012519918051445481
BOL,EN.MAM.THRD.NO,,,,,,,,,,,,,0.006165590135055784
BOL,ER.MRN.PTMR.ZS,,,,0.0,0.0,,,,,,0.0,,
BOL,EN.HPT.THRD.NO,,,,,,,,,,,,,0.006907545164718385
BOL,ER.LND.PTLD.ZS,,,,0.16147465437788017,0.3459907834101382,,,,,,0.4576958525345622,,
BIH,EN.BIR.THRD.NO,,,,,,,,,,,,,0.001821078989301161
BIH,EN.MAM.THRD.NO,,,,,,,,,,,,,0.0011743981209630064
BIH,ER.MRN.PTMR.ZS,,,,0.0707876370887338,0.0707876370887338,,,,,,0.0827517447657029,,
BIH,EN.HPT.THRD.NO,,,,,,,,,,,,,6.641870350690754e-05
BIH,ER.LND.PTLD.ZS,,,,0.0005529953917050691,0.0007373271889400922,,,,,,0.02359447004608295,,
BWA,EN.BIR.THRD.NO,,,,,,,,,,,,,0.0029592533576143867
BWA,EN.MAM.THRD.NO,,,,,,,,,,,,,0.0026423957721667646
BWA,ER.MRN.PTMR.ZS,,,,0.0,0.0,,,,,,0.0,,
BWA,EN.HPT.THRD.NO,,,,,,,,,,,,,0.00013283740701381508
BWA,ER.LND.PTLD.ZS,,,,0.3299539170506912,0.536958525345622,,,,,,0.5373271889400921,,
BRA,EN.BIR.THRD.NO,,,,,,,,,,,,,0.03755975415433645
BRA,EN.MAM.THRD.NO,,,,,,,,,,,,,0.02378156194950088
BRA,ER.MRN.PTMR.ZS,,,,0.024925224327018942,0.1345962113659023,,,,,,0.20438683948155534,,
BRA,EN.HPT.THRD.NO,,,,,,,,,,,,,0.03460414452709883
BRA,ER.LND.PTLD.ZS,,,,0.12331797235023043,0.2608294930875576,,,,,,0.5242396313364055,,
VGB,EN.BIR.THRD.NO,,,,,,,,,,,,,0.00022763487366264513
VGB,EN.MAM.THRD.NO,,,,,,,,,,,,,0.0002935995302407516
VGB,ER.MRN.PTMR.ZS,,,,0.01794616151545364,0.020937188434695914,,,,,,0.020937188434695914,,
VGB,EN.HPT.THRD.NO,,,,,,,,,,,,,0.0006641870350690755
VGB,ER.LND.PTLD.ZS,,,,0.0919815668202765,0.16184331797235021,,,,,,0.16184331797235021,,
BRN,EN.BIR.THRD.NO,,,,,,,,,,,,,0.005463236967903483
BRN,EN.MAM.THRD.NO,,,,,,,,,,,,,0.009688784497944804
BRN,ER.MRN.PTMR.ZS,,,,0.014955134596211367,0.014955134596211367,,,,,,0.014955134596211367,,
BRN,EN.HPT.THRD.NO,,,,,,,,,,,,,0.006907545164718385
BRN,ER.LND.PTLD.ZS,,,,0.6809216589861751,0.8129032258064517,,,,,,0.8129032258064517,,
BGR,EN.BIR.THRD.NO,,,,,,,,,,,,,0.004097427725927612
BGR,EN.MAM.THRD.NO,,,,,,,,,,,,,0.002348796241926013
BGR,ER.MRN.PTMR.ZS,,,,0.0009970089730807579,0.0019940179461615157,,,,,,0.15254237288135594,,
BGR,EN.HPT.THRD.NO,,,,,,,,,,,,,0.00039851222104144525
BGR,ER.LND.PTLD.ZS,,,,0.036682027649769584,0.08018433179723501,,,,,,0.7469124423963134,,
BFA,EN.BIR.THRD.NO,,,,,,,,,,,,,0.002503983610289096
BFA,EN.MAM.THRD.NO,,,,,,,,,,,,,0.002935995302407516
BFA,ER.MRN.PTMR.ZS,,,,0.0,0.0,,,,,,0.0,,
BFA,EN.HPT.THRD.NO,,,,,,,,,,,,,0.00019925611052072262
BFA,ER.LND.PTLD.ZS,,,,0.25732718894009216,0.2604608294930876,,,,,,0.28516129032258064,,
BDI,EN.BIR.THRD.NO,,,,,,,,,,,,,0.0029592533576143867
BDI,EN.MAM.THRD.NO,,,,,,,,,,,,,0.004110393423370522
BDI,ER.MRN.PTMR.ZS,,,,0.0,0.0,,,,,,0.0,,
BDI,EN.HPT.THRD.NO,,,,,,,,,,,,,0.0005313496280552603
BDI,ER.LND.PTLD.ZS,,,,0.07078341013824885,0.08940092165898617,,,,,,0.12700460829493088,,
CPV,EN.BIR.THRD.NO,,,,,,,,,,,,,0.0011381743683132257
CPV,EN.MAM.THRD.NO,,,,,,,,,,,,,0.0011743981209630064
CPV,ER.MRN.PTMR.ZS,,,,0.0,0.0,,,,,,0.0,,
CPV,EN.HPT.THRD.NO,,,,,,,,,,,,,0.00019925611052072262
CPV,ER.LND.PTLD.ZS,,,,0.0455299539170507,0.0455299539170507,,,,,,0.047926267281105994,,
KHM,EN.BIR.THRD.NO,,,,,,,,,,,,,0.006146141588891418
KHM,EN.MAM.THRD.NO,,,,,,,,,,,,,0.011156782149148562
KHM,ER.MRN.PTMR.ZS,,,,0.0,0.0039880358923230315,,,,,,0.004985044865403789,,
KHM,EN.HPT.THRD.NO,,,,,,,,,,,,,0.002391073326248672
KHM,ER.LND.PTLD.ZS,,,,0.0005529953917050691,0.42525345622119815,,,,,,0.47852534562211985,,
CMR,EN.BIR.THRD.NO,,,,,,,,,,,,,0.005918506715228773
CMR,EN.MAM.THRD.NO,,,,,,,,,,,,,0.012918379330593071
CMR,ER.MRN.PTMR.ZS,,,,0.005982053838484546,0.005982053838484546,,,,,,0.06779661016949153,,
CMR,EN.HPT.THRD.NO,,,,,,,,,,,,,0.0325451647183847
CMR,ER.LND.PTLD.ZS,,,,0.10838709677419354,0.1408294930875576,,,,,,0.20018433179723502,,
CAN,EN.BIR.THRD.NO,,,,,,,,,,,,,0.0034145231049396768
CAN,EN.MAM.THRD.NO,,,,,,,,,,,,,0.004110393423370522
CAN,ER.MRN.PTMR.ZS,,,,0.006979062811565304,0.007976071784646063,,,,,,0.013958125623130608,,
CAN,EN.HPT.THRD.NO,,,,,,,,,,,,,0.0006641870350690755
CAN,ER.LND.PTLD.ZS,,,,0.10635944700460828,0.13050691244239632,,,,,,0.17290322580645162,,
CYM,EN.BIR.THRD.NO,,,,,,,,,,,,,0.00022763487366264513
CYM,EN.MAM.THRD.NO,,,,,,,,,,,,,0.0002935995302407516
CYM,ER.MRN.PTMR.ZS,,,,0.010967098703888336,0.010967098703888336,,,,,,0.011964107676969092,,
CYM,EN.HPT.THRD.NO,,,,,,,,,,,,,0.001461211477151966
CYM,ER.LND.PTLD.ZS,,,,0.13050691244239632,0.1607373271889401,,,,,,0.16110599078341015,,
CAF,EN.BIR.THRD.NO,,,,,,,,,,,,,0.0031868882312770315
CAF,EN.MAM.THRD.NO,,,,,,,,,,,,,0.004110393423370522
CAF,ER.MRN.PTMR.ZS,,,,0.0,0.0,,,,,,0.0,,
CAF,EN.HPT.THRD.NO,,,,,,,,,,,,,0.001594048884165781
CAF,ER.LND.PTLD.ZS,,,,0.32534562211981566,0.3299539170506912,,,,,,0.33345622119815665,,
TCD,EN.BIR.THRD.NO,,,,,,,,,,,,,0.0029592533576143867
TCD,EN.MAM.THRD.NO,,,,,,,,,,,,,0.004110393423370522
TCD,ER.MRN.PTMR.ZS,,,,0.0,0.0,,,,,,0.0,,
TCD,EN.HPT.THRD.NO,,,,,,,,,,,,,0.00039851222104144525
TCD,ER.LND.PTLD.ZS,,,,0.2152995391705069,0.2152995391705069,,,,,,0.327741935483871,,
CHI,EN.BIR.THRD.NO,,,,,,,,,,,,,
CHI,EN.MAM.THRD.NO,,,,,,,,,,,,,
CHI,ER.MRN.PTMR.ZS,,,,,,,,,,,,,
CHI,EN.HPT.THRD.NO,,,,,,,,,,,,,
CHI,ER.LND.PTLD.ZS,,,,,,,,,,,,,
CHL,EN.BIR.THRD.NO,,,,,,,,,,,,,0.007511950830867289
CHL,EN.MAM.THRD.NO,,,,,,,,,,,,,0.005578391074574281
CHL,ER.MRN.PTMR.ZS,,,,0.03290129611166501,0.03290129611166501,,,,,,0.038883349950149554,,
CHL,EN.HPT.THRD.NO,,,,,,,,,,,,,0.004782146652497344
CHL,ER.LND.PTLD.ZS,,,,0.2975115207373272,0.31465437788018435,,,,,,0.33806451612903227,,
CHN,EN.BIR.THRD.NO,,,,,,,,,,,,,0.020259503755975416
CHN,EN.MAM.THRD.NO,,,,,,,,,,,,,0.02172636523781562
CHN,ER.MRN.PTMR.ZS,,,,0.0039880358923230315,0.010967098703888336,,,,,,0.022931206380857428,,
CHN,EN.HPT.THRD.NO,,,,,,,,,,,,,0.038124335812964934
CHN,ER.LND.PTLD.ZS,,,,0.24995391705069125,0.28589861751152074,,,,,,0.31391705069124426,,
COL,EN.BIR.THRD.NO,,,,,,,,,,,,,0.027088549965854768
COL,EN.MAM.THRD.NO,,,,,,,,,,,,,0.015854374633000587
COL,ER.MRN.PTMR.ZS,,,,0.023928215353938184,0.05782652043868395,,,,,,0.16849451645064806,,
COL,EN.HPT.THRD.NO,,,,,,,,,,,,,0.017069606801275238
COL,ER.LND.PTLD.ZS,,,,0.360184331797235,0.3664516129032258,,,,,,0.4250691244239631,,
COM,EN.BIR.THRD.NO,,,,,,,,,,,,,0.0022763487366264513
COM,EN.MAM.THRD.NO,,,,,,,,,,,,,0.001467997651203758
COM,ER.MRN.PTMR.ZS,,,,0.0,0.0,,,,,,0.002991026919242273,,
COM,EN.HPT.THRD.NO,,,,,,,,,,,,,0.0004649309245483528
COM,ER.LND.PTLD.ZS,,,,0.0,0.012718894009216589,,,,,,0.18746543778801844,,
COD,EN.BIR.THRD.NO,,,,,,,,,,,,,0.008422490325517869
COD,EN.MAM.THRD.NO,,,,,,,,,,,,,0.010569583088667059
COD,ER.MRN.PTMR.ZS,,,,0.03788634097706879,0.043868394815553345,,,,,,0.04287138584247258,,
COD,EN.HPT.THRD.NO,,,,,,,,,,,,,0.007505313496280553
COD,ER.LND.PTLD.ZS,,,,0.1863594470046083,0.18764976958525345,,,,,,0.22267281105990783,,
COG,EN.BIR.THRD.NO,,,,,,,,,,,,,0.0011381743683132257
COG,EN.MAM.THRD.NO,,,,,,,,,,,,,0.0049911920140927775
COG,ER.MRN.PTMR.ZS,,,,0.0,0.3270189431704885,,,,,,0.3349950149551346,,
COG,EN.HPT.THRD.NO,,,,,,,,,,,,,0.0029888416578108395
COG,ER.LND.PTLD.ZS,,,,0.03096774193548387,0.0967741935483871,,,,,,0.6495852534562212,,
CRI,EN.BIR.THRD.NO,,,,,,,,,,,,,0.005235602094240838
CRI,EN.MAM.THRD.NO,,,,,,,,,,,,,0.002935995302407516
CRI,ER.MRN.PTMR.ZS,,,,0.11864406779661017,0.1535393818544367,,,,,,0.15752741774675974,,
CRI,EN.HPT.THRD.NO,,,,,,,,,,,,,0.009298618490967057
CRI,ER.LND.PTLD.ZS,,,,0.3664516129032258,0.45603686635944696,,,,,,0.5058064516129033,,
CIV,EN.BIR.THRD.NO,,,,,,,,,,,,,0.004552697473252903
CIV,EN.MAM.THRD.NO,,,,,,,,,,,,,0.008807985907222548
CIV,ER.MRN.PTMR.ZS,,,,0.0009970089730807579,0.0009970089730807579,,,,,,0.020937188434695914,,
CIV,EN.HPT.THRD.NO,,,,,,,,,,,,,0.007438894792773645
CIV,ER.LND.PTLD.ZS,,,,0.4169585253456221,0.4182488479262673,,,,,,0.4221198156682027,,
HRV,EN.BIR.THRD.NO,,,,,,,,,,,,,0.0034145231049396768
HRV,EN.MAM.THRD.NO,,,,,,,,,,,,,0.0026423957721667646
HRV,ER.MRN.PTMR.ZS,,,,0.013958125623130608,0.013958125623130608,,,,,,0.1625124626121635,,
HRV,EN.HPT.THRD.NO,,,,,,,,,,,,,0.0005313496280552603
HRV,ER.LND.PTLD.ZS,,,,0.14267281105990784,0.18764976958525345,,,,,,0.6954838709677419,,
CUB,EN.BIR.THRD.NO,,,,,,,,,,,,,0.003869792852264967
CUB,EN.MAM.THRD.NO,,,,,,,,,,,,,0.0035231943628890195
CUB,ER.MRN.PTMR.ZS,,,,0.01296111665004985,0.01296111665004985,,,,,,0.07577268195413758,,
CUB,EN.HPT.THRD.NO,,,,,,,,,,,,,0.01188894792773645
CUB,ER.LND.PTLD.ZS,,,,0.07852534562211981,0.08276497695852535,,,,,,0.22857142857142856,,
CUW,EN.BIR.THRD.NO,,,,,,,,,,,,,0.00022763487366264513
CUW,EN.MAM.THRD.NO,,,,,,,,,,,,,0.0008807985907222549
CUW,ER.MRN.PTMR.ZS,,,,,,,,,,,,,
CUW,EN.HPT.THRD.NO,,,,,,,,,,,,,0.00013283740701381508
CUW,ER.LND.PTLD.ZS,,,,,,,,,,,,,
CYP,EN.BIR.THRD.NO,,,,,,,,,,,,,0.0015934441156385158
CYP,EN.MAM.THRD.NO,,,,,,,,,,,,,0.0017615971814445098
CYP,ER.MRN.PTMR.ZS,,,,0.0,0.0019940179461615157,,,,,,0.00897308075772682,,
CYP,EN.HPT.THRD.NO,,,,,,,,,,,,,0.001195536663124336
CYP,ER.LND.PTLD.ZS,,,,0.008847926267281106,0.19410138248847925,,,,,,0.3386175115207373,,
CZE,EN.BIR.THRD.NO,,,,,,,,,,,,,0.0022763487366264513
CZE,EN.MAM.THRD.NO,,,,,,,,,,,,,0.0008807985907222549
CZE,ER.MRN.PTMR.ZS,,,,0.0,0.0,,,,,,0.0,,
CZE,EN.HPT.THRD.NO,,,,,,,,,,,,,0.0006641870350690755
CZE,ER.LND.PTLD.ZS,,,,0.24055299539170508,0.279815668202765,,,,,,0.3891244239631336,,
DNK,EN.BIR.THRD.NO,,,,,,,,,,,,,0.0015934441156385158
DNK,EN.MAM.THRD.NO,,,,,,,,,,,,,0.0005871990604815032
DNK,ER.MRN.PTMR.ZS,,,,0.19641076769690927,0.2671984047856431,,,,,,0.29112662013958124,,
DNK,EN.HPT.THRD.NO,,,,,,,,,,,,,6.641870350690754e-05
DNK,ER.LND.PTLD.ZS,,,,0.19410138248847925,0.31004608294930874,,,,,,0.33788018433179723,,
DJI,EN.BIR.THRD.NO,,,,,,,,,,,,,0.002503983610289096
DJI,EN.MAM.THRD.NO,,,,,,,,,,,,,0.002348796241926013
DJI,ER.MRN.PTMR.ZS,,,,0.0,0.0,,,,,,0.0019940179461615157,,
DJI,EN.HPT.THRD.NO,,,,,,,,,,,,,0.00019925611052072262
DJI,ER.LND.PTLD.ZS,,,,0.0,0.0,,,,,,0.02470046082949309,,
DMA,EN.BIR.THRD.NO,,,,,,,,,,,,,0.0009105394946505805
DMA,EN.MAM.THRD.NO,,,,,,,,,,,,,0.0008807985907222549
DMA,ER.MRN.PTMR.ZS,,,,0.0009970089730807579,0.0009970089730807579,,,,,,0.0009970089730807579,,
DMA,EN.HPT.THRD.NO,,,,,,,,,,,,,0.000730605738575983
DMA,ER.LND.PTLD.ZS,,,,0.39410138248847926,0.3977880184331797,,,,,,0.39705069124423964,,
DOM,EN.BIR.THRD.NO,,,,,,,,,,,,,0.0031868882312770315
DOM,EN.MAM.THRD.NO,,,,,,,,,,,,,0.0017615971814445098
DOM,ER.MRN.PTMR.ZS,,,,0.11864406779661017,0.30309072781655033,,,,,,0.31306081754735793,,
DOM,EN.HPT.THRD.NO,,,,,,,,,,,,,0.002789585547290117
DOM,ER.LND.PTLD.ZS,,,,0.368294930875576,0.4088479262672811,,,,,,0.42304147465437786,,
ECU,EN.BIR.THRD.NO,,,,,,,,,,,,,0.02230821761893922
ECU,EN.MAM.THRD.NO,,,,,,,,,,,,,0.013211978860833822
ECU,ER.MRN.PTMR.ZS,,,,0.744765702891326,0.7477567298105683,,,,,,0.7547357926221336,,
ECU,EN.HPT.THRD.NO,,,,,,,,,,,,,0.12327311370882041
ECU,ER.LND.PTLD.ZS,,,,0.40626728110599075,0.4682027649769585,,,,,,0.47465437788018433,,
EGY,EN.BIR.THRD.NO,,,,,,,,,,,,,0.0031868882312770315
EGY,EN.MAM.THRD.NO,,,,,,,,,,,,,0.005578391074574281
EGY,ER.MRN.PTMR.ZS,,,,0.015952143569292126,0.06480558325024925,,,,,,0.13160518444666003,,
EGY,EN.HPT.THRD.NO,,,,,,,,,,,,,0.00019925611052072262
EGY,ER.LND.PTLD.ZS,,,,0.007004608294930876,0.07981566820276498,,,,,,0.2070046082949309,,
SLV,EN.BIR.THRD.NO,,,,,,,,,,,,,0.0013658092419758707
SLV,EN.MAM.THRD.NO,,,,,,,,,,,,,0.0017615971814445098
SLV,ER.MRN.PTMR.ZS,,,,0.0,0.0,,,,,,0.09471585244267199,,
SLV,EN.HPT.THRD.NO,,,,,,,,,,,,,0.0019261424017003189
SLV,ER.LND.PTLD.ZS,,,,0.0,0.0022119815668202765,,,,,,0.15557603686635943,,
GNQ,EN.BIR.THRD.NO,,,,,,,,,,,,,0.0015934441156385158
GNQ,EN.MAM.THRD.NO,,,,,,,,,,,,,0.007046388725778039
GNQ,ER.MRN.PTMR.ZS,,,,0.0,0.0259222333000997,,,,,,0.02691924227318046,,
GNQ,EN.HPT.THRD.NO,,,,,,,,,,,,,0.005844845908607864
GNQ,ER.LND.PTLD.ZS,,,,0.13253456221198157,0.3541013824884793,,,,,,0.4615668202764977,,
ERI,EN.BIR.THRD.NO,,,,,,,,,,,,,0.004097427725927612
ERI,EN.MAM.THRD.NO,,,,,,,,,,,,,0.0032295948326482677
ERI,ER.MRN.PTMR.ZS,,,,0.0,0.0,,,,,,0.0,,
ERI,EN.HPT.THRD.NO,,,,,,,,,,,,,0.00026567481402763017
ERI,ER.LND.PTLD.ZS,,,,0.08976958525345623,0.08976958525345623,,,,,,0.09290322580645162,,
EST,EN.BIR.THRD.NO,,,,,,,,,,,,,0.001821078989301161
EST,EN.MAM.THRD.NO,,,,,,,,,,,,,0.0002935995302407516
EST,ER.MRN.PTMR.ZS,,,,0.0019940179461615157,0.023928215353938184,,,,,,0.2741774675972084,,
EST,EN.HPT.THRD.NO,,,,,,,,,,,,,0.0
EST,ER.LND.PTLD.ZS,,,,0.01935483870967742,0.09290322580645162,,,,,,0.3808294930875576,,
ETH,EN.BIR.THRD.NO,,,,,,,,,,,,,0.007284315957204644
ETH,EN.MAM.THRD.NO,,,,,,,,,,,,,0.009688784497944804
ETH,ER.MRN.PTMR.ZS,,,,0.0,0.0,,,,,,0.0,,
ETH,EN.HPT.THRD.NO,,,,,,,,,,,,,0.0027231668437832095
ETH,ER.LND.PTLD.ZS,,,,0.3266359447004608,0.3266359447004608,,,,,,0.3391705069124424,,
FRO,EN.BIR.THRD.NO,,,,,,,,,,,,,0.0009105394946505805
FRO,EN.MAM.THRD.NO,,,,,,,,,,,,,0.0011743981209630064
FRO,ER.MRN.PTMR.ZS,,,,0.0,0.0,,,,,,0.0,,
FRO,EN.HPT.THRD.NO,,,,,,,,,,,,,0.0
FRO,ER.LND.PTLD.ZS,,,,0.0,0.0,,,,,,0.0,,
FJI,EN.BIR.THRD.NO,,,,,,,,,,,,,0.0027316184839517414
FJI,EN.MAM.THRD.NO,,,,,,,,,,,,,0.0017615971814445098
FJI,ER.MRN.PTMR.ZS,,,,0.0019940179461615157,0.0039880358923230315,,,,,,0.061814556331006985,,
FJI,EN.HPT.THRD.NO,,,,,,,,,,,,,0.00431721572794899
FJI,ER.LND.PTLD.ZS,,,,0.022672811059907833,0.034101382488479264,,,,,,0.0816589861751152,,
FIN,EN.BIR.THRD.NO,,,,,,,,,,,,,0.002048713862963806
FIN,EN.MAM.THRD.NO,,,,,,,,,,,,,0.0005871990604815032
FIN,ER.MRN.PTMR.ZS,,,,0.03290129611166501,0.13858424725822532,,,,,,0.16650049850448653,,
FIN,EN.HPT.THRD.NO,,,,,,,,,,,,,0.00013283740701381508
FIN,ER.LND.PTLD.ZS,,,,0.08092165898617511,0.26912442396313363,,,,,,0.27299539170506915,,
FRA,EN.BIR.THRD.NO,,,,,,,,,,,,,0.0029592533576143867
FRA,EN.MAM.THRD.NO,,,,,,,,,,,,,0.0026423957721667646
FRA,ER.MRN.PTMR.ZS,,,,0.019940179461615155,0.2143569292123629,,,,,,0.6271186440677966,,
FRA,EN.HPT.THRD.NO,,,,,,,,,,,,,0.002324654622741764
FRA,ER.LND.PTLD.ZS,,,,0.19760368663594471,0.3487557603686636,,,,,,0.46691244239631335,,
PYF,EN.BIR.THRD.NO,,,,,,,,,,,,,0.007284315957204644
PYF,EN.MAM.THRD.NO,,,,,,,,,,,,,0.0
PYF,ER.MRN.PTMR.ZS,,,,0.0,0.0009970089730807579,,,,,,0.0009970089730807579,,
PYF,EN.HPT.THRD.NO,,,,,,,,,,,,,0.003121679064824655
PYF,ER.LND.PTLD.ZS,,,,0.018064516129032256,0.0208294930875576,,,,,,0.03631336405529954,,
GAB,EN.BIR.THRD.NO,,,,,,,,,,,,,0.0013658092419758707
GAB,EN.MAM.THRD.NO,,,,,,,,,,,,,0.005871990604815032
GAB,ER.MRN.PTMR.ZS,,,,0.0039880358923230315,0.006979062811565304,,,,,,0.09272183449651047,,
GAB,EN.HPT.THRD.NO,,,,,,,,,,,,,0.010759829968119023
GAB,ER.LND.PTLD.ZS,,,,0.09880184331797236,0.1185253456221198,,,,,,0.37769585253456217,,
GMB,EN.BIR.THRD.NO,,,,,,,,,,,,,0.0027316184839517414
GMB,EN.MAM.THRD.NO,,,,,,,,,,,,,0.0026423957721667646
GMB,ER.MRN.PTMR.ZS,,,,0.004985044865403789,0.006979062811565304,,,,,,0.011964107676969092,,
GMB,EN.HPT.THRD.NO,,,,,,,,,,,,,0.00033209351753453773
GMB,ER.LND.PTLD.ZS,,,,0.03096774193548387,0.06691244239631336,,,,,,0.07668202764976959,,
GEO,EN.BIR.THRD.NO,,,,,,,,,,,,,0.0034145231049396768
GEO,EN.MAM.THRD.NO,,,,,,,,,,,,,0.0026423957721667646
GEO,ER.MRN.PTMR.ZS,,,,0.0,0.023928215353938184,,,,,,0.023928215353938184,,
GEO,EN.HPT.THRD.NO,,,,,,,,,,,,,0.004051540913921361
GEO,ER.LND.PTLD.ZS,,,,0.034101382488479264,0.0704147465437788,,,,,,0.15373271889400922,,
DEU,EN.BIR.THRD.NO,,,,,,,,,,,,,0.002503983610289096
DEU,EN.MAM.THRD.NO,,,,,,,,,,,,,0.001467997651203758
DEU,ER.MRN.PTMR.ZS,,,,0.40079760717846463,0.5094715852442673,,,,,,0.646061814556331,,
DEU,EN.HPT.THRD.NO,,,,,,,,,,,,,0.0011291179596174283
DEU,ER.LND.PTLD.ZS,,,,0.3614746543778802,0.5286635944700461,,,,,,0.6894009216589861,,
GHA,EN.BIR.THRD.NO,,,,,,,,,,,,,0.004552697473252903
GHA,EN.MAM.THRD.NO,,,,,,,,,,,,,0.005871990604815032
GHA,ER.MRN.PTMR.ZS,,,,0.0,0.01694915254237288,,,,,,0.01694915254237288,,
GHA,EN.HPT.THRD.NO,,,,,,,,,,,,,0.007903825717321998
GHA,ER.LND.PTLD.ZS,,,,0.26949308755760365,0.27741935483870966,,,,,,0.27741935483870966,,
GIB,EN.BIR.THRD.NO,,,,,,,,,,,,,0.0011381743683132257
GIB,EN.MAM.THRD.NO,,,,,,,,,,,,,0.0011743981209630064
GIB,ER.MRN.PTMR.ZS,,,,,,,,,,,,,
GIB,EN.HPT.THRD.NO,,,,,,,,,,,,,0.0
GIB,ER.LND.PTLD.ZS,,,,,,,,,,,,,
GRC,EN.BIR.THRD.NO,,,,,,,,,,,,,0.003642157978602322
GRC,EN.MAM.THRD.NO,,,,,,,,,,,,,0.0032295948326482677
GRC,ER.MRN.PTMR.ZS,,,,0.0039880358923230315,0.04785643070787637,,,,,,0.05982053838484547,,
GRC,EN.HPT.THRD.NO,,,,,,,,,,,,,0.003918703506907545
GRC,ER.LND.PTLD.ZS,,,,0.1784331797235023,0.4435023041474654,,,,,,0.6425806451612903,,
GRL,EN.BIR.THRD.NO,,,,,,,,,,,,,0.0006829046209879354
GRL,EN.MAM.THRD.NO,,,,,,,,,,,,,0.0026423957721667646
GRL,ER.MRN.PTMR.ZS,,,,0.3639082751744766,0.3639082751744766,,,,,,0.3659022931206381,,
GRL,EN.HPT.THRD.NO,,,,,,,,,,,,,6.641870350690754e-05
GRL,ER.LND.PTLD.ZS,,,,0.7528110599078341,0.7528110599078341,,,,,,0.7587096774193548,,
GRD,EN.BIR.THRD.NO,,,,,,,,,,,,,0.00022763487366264513
GRD,EN.MAM.THRD.NO,,,,,,,,,,,,,0.0011743981209630064
GRD,ER.MRN.PTMR.ZS,,,,0.0,0.0,,,,,,0.0009970089730807579,,
GRD,EN.HPT.THRD.NO,,,,,,,,,,,,,0.00019925611052072262
GRD,ER.LND.PTLD.ZS,,,,0.030599078341013823,0.03096774193548387,,,,,,0.039447004608294936,,
GUM,EN.BIR.THRD.NO,,,,,,,,,,,,,0.0031868882312770315
GUM,EN.MAM.THRD.NO,,,,,,,,,,,,,0.0005871990604815032
GUM,ER.MRN.PTMR.ZS,,,,0.004985044865403789,0.024925224327018942,,,,,,0.024925224327018942,,
GUM,EN.HPT.THRD.NO,,,,,,,,,,,,,0.00026567481402763017
GUM,ER.LND.PTLD.ZS,,,,0.4753917050691244,0.5002764976958526,,,,,,0.5002764976958526,,
GTM,EN.BIR.THRD.NO,,,,,,,,,,,,,0.0031868882312770315
GTM,EN.MAM.THRD.NO,,,,,,,,,,,,,0.004403992953611274
GTM,ER.MRN.PTMR.ZS,,,,0.002991026919242273,0.12662013958125623,,,,,,0.1296111665004985,,
GTM,EN.HPT.THRD.NO,,,,,,,,,,,,,0.00677470775770457
GTM,ER.LND.PTLD.ZS,,,,0.47797235023041473,0.543778801843318,,,,,,0.5856221198156681,,
GIN,EN.BIR.THRD.NO,,,,,,,,,,,,,0.004325062599590257
GIN,EN.MAM.THRD.NO,,,,,,,,,,,,,0.007339988256018791
GIN,ER.MRN.PTMR.ZS,,,,0.0,0.04187437686939183,,,,,,0.04187437686939183,,
GIN,EN.HPT.THRD.NO,,,,,,,,,,,,,0.002922422954303932
GIN,ER.LND.PTLD.ZS,,,,0.12516129032258064,0.1334562211981567,,,,,,0.5382488479262673,,
GNB,EN.BIR.THRD.NO,,,,,,,,,,,,,0.0022763487366264513
GNB,EN.MAM.THRD.NO,,,,,,,,,,,,,0.004110393423370522
GNB,ER.MRN.PTMR.ZS,,,,0.02691924227318046,0.4576271186440678,,,,,,0.4576271186440678,,
GNB,EN.HPT.THRD.NO,,,,,,,,,,,,,0.00033209351753453773
GNB,ER.LND.PTLD.ZS,,,,0.15336405529953917,0.2969585253456221,,,,,,0.30175115207373276,,
GUY,EN.BIR.THRD.NO,,,,,,,,,,,,,0.0031868882312770315
GUY,EN.MAM.THRD.NO,,,,,,,,,,,,,0.0032295948326482677
GUY,ER.MRN.PTMR.ZS,,,,0.0,0.0,,,,,,0.0019940179461615157,,
GUY,EN.HPT.THRD.NO,,,,,,,,,,,,,0.0017268862911795962
GUY,ER.LND.PTLD.ZS,,,,0.005898617511520737,0.03870967741935484,,,,,,0.160184331797235,,
HTI,EN.BIR.THRD.NO,,,,,,,,,,,,,0.0031868882312770315
HTI,EN.MAM.THRD.NO,,,,,,,,,,,,,0.001467997651203758
HTI,ER.MRN.PTMR.ZS,,,,0.0,0.0,,,,,,0.0,,
HTI,EN.HPT.THRD.NO,,,,,,,,,,,,,0.002789585547290117
HTI,ER.LND.PTLD.ZS,,,,0.005714285714285714,0.005898617511520737,,,,,,0.005898617511520737,,
HND,EN.BIR.THRD.NO,,,,,,,,,,,,,0.002503983610289096
HND,EN.MAM.THRD.NO,,,,,,,,,,,,,0.002055196711685261
HND,ER.MRN.PTMR.ZS,,,,0.021934197407776673,0.028913260219341975,,,,,,0.03290129611166501,,
HND,EN.HPT.THRD.NO,,,,,,,,,,,,,0.008169500531349629
HND,ER.LND.PTLD.ZS,,,,0.24829493087557605,0.3964976958525346,,,,,,0.3979723502304147,,
HKG,EN.BIR.THRD.NO,,,,,,,,,,,,,0.004552697473252903
HKG,EN.MAM.THRD.NO,,,,,,,,,,,,,0.0008807985907222549
HKG,ER.MRN.PTMR.ZS,,,,0.0,0.0,,,,,,0.0,,
HKG,EN.HPT.THRD.NO,,,,,,,,,,,,,0.000597768331562168
HKG,ER.LND.PTLD.ZS,,,,0.7581566820276499,0.7712442396313365,,,,,,0.7712442396313365,,
HUN,EN.BIR.THRD.NO,,,,,,,,,,,,,0.0029592533576143867
HUN,EN.MAM.THRD.NO,,,,,,,,,,,,,0.0008807985907222549
HUN,ER.MRN.PTMR.ZS,,,,0.0,0.0,,,,,,0.0,,
HUN,EN.HPT.THRD.NO,,,,,,,,,,,,,0.0006641870350690755
HUN,ER.LND.PTLD.ZS,,,,0.1128110599078341,0.17419354838709677,,,,,,0.41566820276497696,,
ISL,EN.BIR.THRD.NO,,,,,,,,,,,,,0.0009105394946505805
ISL,EN.MAM.THRD.NO,,,,,,,,,,,,,0.0017615971814445098
ISL,ER.MRN.PTMR.ZS,,,,0.0,0.036889332003988036,,,,,,0.038883349950149554,,
ISL,EN.HPT.THRD.NO,,,,,,,,,,,,,0.0
ISL,ER.LND.PTLD.ZS,,,,0.05105990783410138,0.05456221198156682,,,,,,0.30746543778801844,,
IND,EN.BIR.THRD.NO,,,,,,,,,,,,,0.01912132938766219
IND,EN.MAM.THRD.NO,,,,,,,,,,,,,0.02701115678214915
IND,ER.MRN.PTMR.ZS,,,,0.014955134596211367,0.01694915254237288,,,,,,0.020937188434695914,,
IND,EN.HPT.THRD.NO,,,,,,,,,,,,,0.025770456960680126
IND,ER.LND.PTLD.ZS,,,,0.08682027649769586,0.09308755760368663,,,,,,0.09861751152073732,,
IDN,EN.BIR.THRD.NO,,,,,,,,,,,,,0.02982016844980651
IDN,EN.MAM.THRD.NO,,,,,,,,,,,,,0.0551967116852613
IDN,ER.MRN.PTMR.ZS,,,,0.0039880358923230315,0.009970089730807577,,,,,,0.05782652043868395,,
IDN,EN.HPT.THRD.NO,,,,,,,,,,,,,0.02836078639744952
IDN,ER.LND.PTLD.ZS,,,,0.18580645161290324,0.2512442396313364,,,,,,0.27004608294930876,,
IRN,EN.BIR.THRD.NO,,,,,,,,,,,,,0.005918506715228773
IRN,EN.MAM.THRD.NO,,,,,,,,,,,,,0.005578391074574281
IRN,ER.MRN.PTMR.ZS,,,,0.014955134596211367,0.018943170488534396,,,,,,0.021934197407776673,,
IRN,EN.HPT.THRD.NO,,,,,,,,,,,,,0.00019925611052072262
IRN,ER.LND.PTLD.ZS,,,,0.10267281105990785,0.11041474654377881,,,,,,0.13382488479262672,,
IRQ,EN.BIR.THRD.NO,,,,,,,,,,,,,0.004325062599590257
IRQ,EN.MAM.THRD.NO,,,,,,,,,,,,,0.004110393423370522
IRQ,ER.MRN.PTMR.ZS,,,,0.0,0.0,,,,,,0.0,,
IRQ,EN.HPT.THRD.NO,,,,,,,,,,,,,6.641870350690754e-05
IRQ,ER.LND.PTLD.ZS,,,,0.0009216589861751152,0.0009216589861751152,,,,,,0.007004608294930876,,
IRL,EN.BIR.THRD.NO,,,,,,,,,,,,,0.0015934441156385158
IRL,EN.MAM.THRD.NO,,,,,,,,,,,,,0.001467997651203758
IRL,ER.MRN.PTMR.ZS,,,,0.004985044865403789,0.05982053838484547,,,,,,0.1036889332003988,,
IRL,EN.HPT.THRD.NO,,,,,,,,,,,,,6.641870350690754e-05
IRL,ER.LND.PTLD.ZS,,,,0.003870967741935484,0.192073732718894,,,,,,0.26525345622119817,,
IMN,EN.BIR.THRD.NO,,,,,,,,,,,,,0.0
IMN,EN.MAM.THRD.NO,,,,,,,,,,,,,0.0002935995302407516
IMN,ER.MRN.PTMR.ZS,,,,,,,,,,,,,
IMN,EN.HPT.THRD.NO,,,,,,,,,,,,,0.0
IMN,ER.LND.PTLD.ZS,,,,,,,,,,,,,
ISR,EN.BIR.THRD.NO,,,,,,,,,,,,,0.003869792852264967
ISR,EN.MAM.THRD.NO,,,,,,,,,,,,,0.004403992953611274
ISR,ER.MRN.PTMR.ZS,,,,0.0009970089730807579,0.0019940179461615157,,,,,,0.002991026919242273,,
ISR,EN.HPT.THRD.NO,,,,,,,,,,,,,0.000597768331562168
ISR,ER.LND.PTLD.ZS,,,,0.22156682027649768,0.2768663594470046,,,,,,0.36589861751152075,,
ITA,EN.BIR.THRD.NO,,,,,,,,,,,,,0.0031868882312770315
ITA,EN.MAM.THRD.NO,,,,,,,,,,,,,0.002348796241926013
ITA,ER.MRN.PTMR.ZS,,,,0.005982053838484546,0.03489531405782652,,,,,,0.20039880358923232,,
ITA,EN.HPT.THRD.NO,,,,,,,,,,,,,0.004715727948990436
ITA,ER.LND.PTLD.ZS,,,,0.10654377880184332,0.32018433179723504,,,,,,0.39576036866359443,,
JAM,EN.BIR.THRD.NO,,,,,,,,,,,,,0.0022763487366264513
JAM,EN.MAM.THRD.NO,,,,,,,,,,,,,0.0017615971814445098
JAM,ER.MRN.PTMR.ZS,,,,0.0,0.0448654037886341,,,,,,0.045862412761714856,,
JAM,EN.HPT.THRD.NO,,,,,,,,,,,,,0.014213602550478214
JAM,ER.LND.PTLD.ZS,,,,0.18156682027649768,0.2917972350230415,,,,,,0.29308755760368665,,
JPN,EN.BIR.THRD.NO,,,,,,,,,,,,,0.009560664693831095
JPN,EN.MAM.THRD.NO,,,,,,,,,,,,,0.008220786846741044
JPN,ER.MRN.PTMR.ZS,,,,0.049850448654037885,0.049850448654037885,,,,,,0.05084745762711864,,
JPN,EN.HPT.THRD.NO,,,,,,,,,,,,,0.002922422954303932
JPN,ER.LND.PTLD.ZS,,,,0.33345622119815665,0.343963133640553,,,,,,0.3566820276497696,,
JOR,EN.BIR.THRD.NO,,,,,,,,,,,,,0.0029592533576143867
JOR,EN.MAM.THRD.NO,,,,,,,,,,,,,0.003816793893129771
JOR,ER.MRN.PTMR.ZS,,,,0.0,0.30109670987038883,,,,,,0.3000997008973081,,
JOR,EN.HPT.THRD.NO,,,,,,,,,,,,,0.00033209351753453773
JOR,ER.LND.PTLD.ZS,,,,0.01935483870967742,0.03447004608294931,,,,,,0.03870967741935484,,
KAZ,EN.BIR.THRD.NO,,,,,,,,,,,,,0.005918506715228773
KAZ,EN.MAM.THRD.NO,,,,,,,,,,,,,0.004697592483852026
KAZ,ER.MRN.PTMR.ZS,,,,0.0,0.0,,,,,,0.0,,
KAZ,EN.HPT.THRD.NO,,,,,,,,,,,,,0.0010626992561105207
KAZ,ER.LND.PTLD.ZS,,,,0.044423963133640554,0.04645161290322581,,,,,,0.06064516129032258,,
KEN,EN.BIR.THRD.NO,,,,,,,,,,,,,0.008877760072843159
KEN,EN.MAM.THRD.NO,,,,,,,,,,,,,0.008807985907222548
KEN,ER.MRN.PTMR.ZS,,,,0.036889332003988036,0.09172482552342971,,,,,,0.09970089730807577,,
KEN,EN.HPT.THRD.NO,,,,,,,,,,,,,0.014744952178533475
KEN,ER.LND.PTLD.ZS,,,,0.21087557603686635,0.21658986175115208,,,,,,0.22801843317972348,,
KIR,EN.BIR.THRD.NO,,,,,,,,,,,,,0.0011381743683132257
KIR,EN.MAM.THRD.NO,,,,,,,,,,,,,0.0002935995302407516
KIR,ER.MRN.PTMR.ZS,,,,0.002991026919242273,0.007976071784646063,,,,,,0.20139581256231306,,
KIR,EN.HPT.THRD.NO,,,,,,,,,,,,,0.0
KIR,ER.LND.PTLD.ZS,,,,0.10451612903225806,0.3128110599078341,,,,,,0.40940092165898617,,
PRK,EN.BIR.THRD.NO,,,,,,,,,,,,,0.006146141588891418
PRK,EN.MAM.THRD.NO,,,,,,,,,,,,,0.002935995302407516
PRK,ER.MRN.PTMR.ZS,,,,0.0009970089730807579,0.0009970089730807579,,,,,,0.0009970089730807579,,
PRK,EN.HPT.THRD.NO,,,,,,,,,,,,,0.0011291179596174283
PRK,ER.LND.PTLD.ZS,,,,0.04294930875576037,0.0455299539170507,,,,,,0.04663594470046083,,
KOR,EN.BIR.THRD.NO,,,,,,,,,,,,,0.0068290462098793536
KOR,EN.MAM.THRD.NO,,,,,,,,,,,,,0.0032295948326482677
KOR,ER.MRN.PTMR.ZS,,,,0.03290129611166501,0.03389830508474576,,,,,,0.04287138584247258,,
KOR,EN.HPT.THRD.NO,,,,,,,,,,,,,0.0020589798087141337
KOR,ER.LND.PTLD.ZS,,,,0.09474654377880183,0.09585253456221199,,,,,,0.1400921658986175,,
XKX,EN.BIR.THRD.NO,,,,,,,,,,,,,
XKX,EN.MAM.THRD.NO,,,,,,,,,,,,,
XKX,ER.MRN.PTMR.ZS,,,,,,,,,,,,,
XKX,EN.HPT.THRD.NO,,,,,,,,,,,,,
XKX,ER.LND.PTLD.ZS,,,,,,,,,,,,,
KWT,EN.BIR.THRD.NO,,,,,,,,,,,,,0.002503983610289096
KWT,EN.MAM.THRD.NO,,,,,,,,,,,,,0.0017615971814445098
KWT,ER.MRN.PTMR.ZS,,,,0.0,0.0,,,,,,0.0019940179461615157,,
KWT,EN.HPT.THRD.NO,,,,,,,,,,,,,0.0
KWT,ER.LND.PTLD.ZS,,,,0.036682027649769584,0.036682027649769584,,,,,,0.3391705069124424,,
KGZ,EN.BIR.THRD.NO,,,,,,,,,,,,,0.003642157978602322
KGZ,EN.MAM.THRD.NO,,,,,,,,,,,,,0.001467997651203758
KGZ,ER.MRN.PTMR.ZS,,,,0.0,0.0,,,,,,0.0,,
KGZ,EN.HPT.THRD.NO,,,,,,,,,,,,,0.0009298618490967056
KGZ,ER.LND.PTLD.ZS,,,,0.11576036866359447,0.12626728110599078,,,,,,0.127926267281106,,
LAO,EN.BIR.THRD.NO,,,,,,,,,,,,,0.005463236967903483
LAO,EN.MAM.THRD.NO,,,,,,,,,,,,,0.013211978860833822
LAO,ER.MRN.PTMR.ZS,,,,0.0,0.0,,,,,,0.0,,
LAO,EN.HPT.THRD.NO,,,,,,,,,,,,,0.0027231668437832095
LAO,ER.LND.PTLD.ZS,,,,0.027096774193548386,0.3059907834101383,,,,,,0.3070967741935484,,
LVA,EN.BIR.THRD.NO,,,,,,,,,,,,,0.002048713862963806
LVA,EN.MAM.THRD.NO,,,,,,,,,,,,,0.0002935995302407516
LVA,ER.MRN.PTMR.ZS,,,,0.0,0.024925224327018942,,,,,,0.44167497507477566,,
LVA,EN.HPT.THRD.NO,,,,,,,,,,,,,0.0
LVA,ER.LND.PTLD.ZS,,,,0.12073732718894009,0.2735483870967742,,,,,,0.335852534562212,,
LBN,EN.BIR.THRD.NO,,,,,,,,,,,,,0.0027316184839517414
LBN,EN.MAM.THRD.NO,,,,,,,,,,,,,0.002935995302407516
LBN,ER.MRN.PTMR.ZS,,,,0.0,0.0,,,,,,0.0,,
LBN,EN.HPT.THRD.NO,,,,,,,,,,,,,0.0006641870350690755
LBN,ER.LND.PTLD.ZS,,,,0.008847926267281106,0.04202764976958525,,,,,,0.04903225806451613,,
LSO,EN.BIR.THRD.NO,,,,,,,,,,,,,0.0015934441156385158
LSO,EN.MAM.THRD.NO,,,,,,,,,,,,,0.0008807985907222549
LSO,ER.MRN.PTMR.ZS,,,,0.0,0.0,,,,,,0.0,,
LSO,EN.HPT.THRD.NO,,,,,,,,,,,,,0.00026567481402763017
LSO,ER.LND.PTLD.ZS,,,,0.009216589861751152,0.009769585253456222,,,,,,0.009953917050691244,,
LBR,EN.BIR.THRD.NO,,,,,,,,,,,,,0.0029592533576143867
LBR,EN.MAM.THRD.NO,,,,,,,,,,,,,0.0064591896652965355
LBR,ER.MRN.PTMR.ZS,,,,0.0,0.0,,,,,,0.019940179461615155,,
LBR,EN.HPT.THRD.NO,,,,,,,,,,,,,0.0034537725823591925
LBR,ER.LND.PTLD.ZS,,,,0.030046082949308755,0.030046082949308755,,,,,,0.04626728110599078,,
LBY,EN.BIR.THRD.NO,,,,,,,,,,,,,0.0013658092419758707
LBY,EN.MAM.THRD.NO,,,,,,,,,,,,,0.0032295948326482677
LBY,ER.MRN.PTMR.ZS,,,,0.0,0.04287138584247258,,,,,,0.04287138584247258,,
LBY,EN.HPT.THRD.NO,,,,,,,,,,,,,0.00019925611052072262
LBY,ER.LND.PTLD.ZS,,,,0.0018433179723502304,0.004055299539170507,,,,,,0.004608294930875576,,
LIE,EN.BIR.THRD.NO,,,,,,,,,,,,,0.00045526974732529026
LIE,EN.MAM.THRD.NO,,,,,,,,,,,,,0.0
LIE,ER.MRN.PTMR.ZS,,,,0.0,0.0,,,,,,0.0,,
LIE,EN.HPT.THRD.NO,,,,,,,,,,,,,0.0
LIE,ER.LND.PTLD.ZS,,,,0.7415668202764977,0.807741935483871,,,,,,0.816405529953917,,
LTU,EN.BIR.THRD.NO,,,,,,,,,,,,,0.002048713862963806
LTU,EN.MAM.THRD.NO,,,,,,,,,,,,,0.0005871990604815032
LTU,ER.MRN.PTMR.ZS,,,,0.0019940179461615157,0.10269192422731806,,,,,,0.3050847457627119,,
LTU,EN.HPT.THRD.NO,,,,,,,,,,,,,6.641870350690754e-05
LTU,ER.LND.PTLD.ZS,,,,0.03649769585253456,0.21382488479262673,,,,,,0.3094930875576037,,
LUX,EN.BIR.THRD.NO,,,,,,,,,,,,,0.0006829046209879354
LUX,EN.MAM.THRD.NO,,,,,,,,,,,,,0.0
LUX,ER.MRN.PTMR.ZS,,,,0.0,0.0,,,,,,0.0,,
LUX,EN.HPT.THRD.NO,,,,,,,,,,,,,0.0
LUX,ER.LND.PTLD.ZS,,,,0.2223041474654378,0.5404608294930876,,,,,,0.6379723502304148,,
MAC,EN.BIR.THRD.NO,,,,,,,,,,,,,0.0009105394946505805
MAC,EN.MAM.THRD.NO,,,,,,,,,,,,,0.0
MAC,ER.MRN.PTMR.ZS,,,,0.0,0.0,,,,,,0.0,,
MAC,EN.HPT.THRD.NO,,,,,,,,,,,,,0.0
MAC,ER.LND.PTLD.ZS,,,,0.0,0.0,,,,,,0.0,,
MKD,EN.BIR.THRD.NO,,,,,,,,,,,,,0.0031868882312770315
MKD,EN.MAM.THRD.NO,,,,,,,,,,,,,0.0017615971814445098
MKD,ER.MRN.PTMR.ZS,,,,0.0,0.0,,,,,,0.0,,
MKD,EN.HPT.THRD.NO,,,,,,,,,,,,,0.0
MKD,ER.LND.PTLD.ZS,,,,0.15059907834101383,0.16976958525345623,,,,,,0.17880184331797233,,
MDG,EN.BIR.THRD.NO,,,,,,,,,,,,,0.00796722057819258
MDG,EN.MAM.THRD.NO,,,,,,,,,,,,,0.03523194362889019
MDG,ER.MRN.PTMR.ZS,,,,0.0,0.0009970089730807579,,,,,,0.03389830508474576,,
MDG,EN.HPT.THRD.NO,,,,,,,,,,,,,0.04031615302869288
MDG,ER.LND.PTLD.ZS,,,,0.043502304147465434,0.05658986175115207,,,,,,0.09161290322580645,,
MWI,EN.BIR.THRD.NO,,,,,,,,,,,,,0.004097427725927612
MWI,EN.MAM.THRD.NO,,,,,,,,,,,,,0.002935995302407516
MWI,ER.MRN.PTMR.ZS,,,,0.0,0.0,,,,,,0.0,,
MWI,EN.HPT.THRD.NO,,,,,,,,,,,,,0.001594048884165781
MWI,ER.LND.PTLD.ZS,,,,0.27705069124423964,0.3098617511520737,,,,,,0.3098617511520737,,
MYS,EN.BIR.THRD.NO,,,,,,,,,,,,,0.011381743683132255
MYS,EN.MAM.THRD.NO,,,,,,,,,,,,,0.021432765707574866
MYS,ER.MRN.PTMR.ZS,,,,0.014955134596211367,0.019940179461615155,,,,,,0.022931206380857428,,
MYS,EN.HPT.THRD.NO,,,,,,,,,,,,,0.04788788522848034
MYS,ER.LND.PTLD.ZS,,,,0.31631336405529953,0.336036866359447,,,,,,0.3393548387096774,,
MDV,EN.BIR.THRD.NO,,,,,,,,,,,,,0.0
MDV,EN.MAM.THRD.NO,,,,,,,,,,,,,0.0005871990604815032
MDV,ER.MRN.PTMR.ZS,,,,0.0,0.0019940179461615157,,,,,,0.0039880358923230315,,
MDV,EN.HPT.THRD.NO,,,,,,,,,,,,,0.0
MDV,ER.LND.PTLD.ZS,,,,0.0012903225806451615,0.005898617511520737,,,,,,0.01216589861751152,,
MLI,EN.BIR.THRD.NO,,,,,,,,,,,,,0.003642157978602322
MLI,EN.MAM.THRD.NO,,,,,,,,,,,,,0.0035231943628890195
MLI,ER.MRN.PTMR.ZS,,,,0.0,0.0,,,,,,0.0,,
MLI,EN.HPT.THRD.NO,,,,,,,,,,,,,0.0005313496280552603
MLI,ER.LND.PTLD.ZS,,,,0.0704147465437788,0.0704147465437788,,,,,,0.1544700460829493,,
MLT,EN.BIR.THRD.NO,,,,,,,,,,,,,0.0011381743683132257
MLT,EN.MAM.THRD.NO,,,,,,,,,,,,,0.0005871990604815032
MLT,ER.MRN.PTMR.ZS,,,,0.002991026919242273,0.002991026919242273,,,,,,0.04685942173479562,,
MLT,EN.HPT.THRD.NO,,,,,,,,,,,,,0.00026567481402763017
MLT,ER.LND.PTLD.ZS,,,,0.0023963133640552995,0.28368663594470045,,,,,,0.4256221198156682,,
MHL,EN.BIR.THRD.NO,,,,,,,,,,,,,0.0006829046209879354
MHL,EN.MAM.THRD.NO,,,,,,,,,,,,,0.0005871990604815032
MHL,ER.MRN.PTMR.ZS,,,,0.0,0.006979062811565304,,,,,,0.03389830508474576,,
MHL,EN.HPT.THRD.NO,,,,,,,,,,,,,0.0
MHL,ER.LND.PTLD.ZS,,,,0.004055299539170507,0.05566820276497696,,,,,,0.14506912442396314,,
MRT,EN.BIR.THRD.NO,,,,,,,,,,,,,0.0034145231049396768
MRT,EN.MAM.THRD.NO,,,,,,,,,,,,,0.0049911920140927775
MRT,ER.MRN.PTMR.ZS,,,,0.321036889332004,0.3220338983050847,,,,,,0.3220338983050847,,
MRT,EN.HPT.THRD.NO,,,,,,,,,,,,,0.0
MRT,ER.LND.PTLD.ZS,,,,0.010138248847926268,0.011244239631336405,,,,,,0.017695852534562212,,
MUS,EN.BIR.THRD.NO,,,,,,,,,,,,,0.002048713862963806
MUS,EN.MAM.THRD.NO,,,,,,,,,,,,,0.002055196711685261
MUS,ER.MRN.PTMR.ZS,,,,0.0,0.002991026919242273,,,,,,0.002991026919242273,,
MUS,EN.HPT.THRD.NO,,,,,,,,,,,,,0.005977683315621679
MUS,ER.LND.PTLD.ZS,,,,0.007188940092165899,0.08036866359447005,,,,,,0.0831336405529954,,
MEX,EN.BIR.THRD.NO,,,,,,,,,,,,,0.013885727293421352
MEX,EN.MAM.THRD.NO,,,,,,,,,,,,,0.028185554903112156
MEX,ER.MRN.PTMR.ZS,,,,0.015952143569292126,0.12163509471585245,,,,,,0.18943170488534397,,
MEX,EN.HPT.THRD.NO,,,,,,,,,,,,,0.026700318809776833
MEX,ER.LND.PTLD.ZS,,,,0.0447926267281106,0.14211981566820275,,,,,,0.23815668202764978,,
FSM,EN.BIR.THRD.NO,,,,,,,,,,,,,0.002503983610289096
FSM,EN.MAM.THRD.NO,,,,,,,,,,,,,0.001467997651203758
FSM,ER.MRN.PTMR.ZS,,,,0.0,0.0009970089730807579,,,,,,0.0009970089730807579,,
FSM,EN.HPT.THRD.NO,,,,,,,,,,,,,0.00026567481402763017
FSM,ER.LND.PTLD.ZS,,,,0.05548387096774193,0.07981566820276498,,,,,,0.07907834101382488,,
MDA,EN.BIR.THRD.NO,,,,,,,,,,,,,0.0027316184839517414
MDA,EN.MAM.THRD.NO,,,,,,,,,,,,,0.001467997651203758
MDA,ER.MRN.PTMR.ZS,,,,0.0,0.0,,,,,,0.0,,
MDA,EN.HPT.THRD.NO,,,,,,,,,,,,,0.00013283740701381508
MDA,ER.LND.PTLD.ZS,,,,0.017511520737327188,0.03317972350230415,,,,,,0.0704147465437788,,
MCO,EN.BIR.THRD.NO,,,,,,,,,,,,,0.0
MCO,EN.MAM.THRD.NO,,,,,,,,,,,,,0.0008807985907222549
MCO,ER.MRN.PTMR.ZS,,,,0.0009970089730807579,0.0039880358923230315,,,,,,1.0,,
MCO,EN.HPT.THRD.NO,,,,,,,,,,,,,0.0
MCO,ER.LND.PTLD.ZS,,,,0.4313364055299539,0.45658986175115207,,,,,,0.983963133640553,,
MNG,EN.BIR.THRD.NO,,,,,,,,,,,,,0.005463236967903483
MNG,EN.MAM.THRD.NO,,,,,,,,,,,,,0.0032295948326482677
MNG,ER.MRN.PTMR.ZS,,,,0.0,0.0,,,,,,0.0,,
MNG,EN.HPT.THRD.NO,,,,,,,,,,,,,0.0
MNG,ER.LND.PTLD.ZS,,,,0.07631336405529954,0.24147465437788018,,,,,,0.31723502304147466,,
MNE,EN.BIR.THRD.NO,,,,,,,,,,,,,0.0031868882312770315
MNE,EN.MAM.THRD.NO,,,,,,,,,,,,,0.0017615971814445098
MNE,ER.MRN.PTMR.ZS,,,,0.0,0.0,,,,,,0.0,,
MNE,EN.HPT.THRD.NO,,,,,,,,,,,,,0.00013283740701381508
MNE,ER.LND.PTLD.ZS,,,,0.047926267281105994,0.06838709677419355,,,,,,0.07631336405529954,,
MAR,EN.BIR.THRD.NO,,,,,,,,,,,,,0.0034145231049396768
MAR,EN.MAM.THRD.NO,,,,,,,,,,,,,0.005284791544333529
MAR,ER.MRN.PTMR.ZS,,,,0.0,0.002991026919242273,,,,,,0.01296111665004985,,
MAR,EN.HPT.THRD.NO,,,,,,,,,,,,,0.002457492029755579
MAR,ER.LND.PTLD.ZS,,,,0.0027649769585253456,0.010138248847926268,,,,,,0.6200921658986175,,
MOZ,EN.BIR.THRD.NO,,,,,,,,,,,,,0.006601411336216709
MOZ,EN.MAM.THRD.NO,,,,,,,,,,,,,0.004110393423370522
MOZ,ER.MRN.PTMR.ZS,,,,0.01794616151545364,0.01794616151545364,,,,,,0.1794616151545364,,
MOZ,EN.HPT.THRD.NO,,,,,,,,,,,,,0.005579171094580234
MOZ,ER.LND.PTLD.ZS,,,,0.2488479262672811,0.2488479262672811,,,,,,0.31723502304147466,,
MMR,EN.BIR.THRD.NO,,,,,,,,,,,,,0.010926473935806966
MMR,EN.MAM.THRD.NO,,,,,,,,,,,,,0.014092777451556078
MMR,ER.MRN.PTMR.ZS,,,,0.0019940179461615157,0.0019940179461615157,,,,,,0.0019940179461615157,,
MMR,EN.HPT.THRD.NO,,,,,,,,,,,,,0.004051540913921361
MMR,ER.LND.PTLD.ZS,,,,0.054746543778801844,0.06820276497695853,,,,,,0.13216589861751152,,
NAM,EN.BIR.THRD.NO,,,,,,,,,,,,,0.006373776462554063
NAM,EN.MAM.THRD.NO,,,,,,,,,,,,,0.004110393423370522
NAM,ER.MRN.PTMR.ZS,,,,0.004985044865403789,0.004985044865403789,,,,,,0.28015952143569295,,
NAM,EN.HPT.THRD.NO,,,,,,,,,,,,,0.0018597236981934113
NAM,ER.LND.PTLD.ZS,,,,0.21400921658986174,0.27410138248847926,,,,,,0.6978801843317972,,
NRU,EN.BIR.THRD.NO,,,,,,,,,,,,,0.00045526974732529026
NRU,EN.MAM.THRD.NO,,,,,,,,,,,,,0.0002935995302407516
NRU,ER.MRN.PTMR.ZS,,,,0.0,0.0,,,,,,0.0,,
NRU,EN.HPT.THRD.NO,,,,,,,,,,,,,0.0
NRU,ER.LND.PTLD.ZS,,,,0.0,0.0,,,,,,0.0,,
NPL,EN.BIR.THRD.NO,,,,,,,,,,,,,0.008194855451855224
NPL,EN.MAM.THRD.NO,,,,,,,,,,,,,0.008807985907222548
NPL,ER.MRN.PTMR.ZS,,,,0.0,0.0,,,,,,0.0,,
NPL,EN.HPT.THRD.NO,,,,,,,,,,,,,0.0011291179596174283
NPL,ER.LND.PTLD.ZS,,,,0.14138248847926266,0.3423041474654378,,,,,,0.42267281105990784,,
NLD,EN.BIR.THRD.NO,,,,,,,,,,,,,0.001821078989301161
NLD,EN.MAM.THRD.NO,,,,,,,,,,,,,0.0008807985907222549
NLD,ER.MRN.PTMR.ZS,,,,0.21136590229312063,0.5453639082751746,,,,,,0.5752741774675972,,
NLD,EN.HPT.THRD.NO,,,,,,,,,,,,,0.0
NLD,ER.LND.PTLD.ZS,,,,0.08073732718894008,0.19428571428571428,,,,,,0.21308755760368664,,
NCL,EN.BIR.THRD.NO,,,,,,,,,,,,,0.003642157978602322
NCL,EN.MAM.THRD.NO,,,,,,,,,,,,,0.0026423957721667646
NCL,ER.MRN.PTMR.ZS,,,,0.005982053838484546,0.01694915254237288,,,,,,0.5643070787637089,,
NCL,EN.HPT.THRD.NO,,,,,,,,,,,,,0.01899574920297556
NCL,ER.LND.PTLD.ZS,,,,0.11170506912442396,0.12497695852534563,,,,,,1.0,,
NZL,EN.BIR.THRD.NO,,,,,,,,,,,,,0.015251536535397223
NZL,EN.MAM.THRD.NO,,,,,,,,,,,,,0.0026423957721667646
NZL,ER.MRN.PTMR.ZS,,,,0.04685942173479562,0.12362911266201397,,,,,,0.12462612163509472,,
NZL,EN.HPT.THRD.NO,,,,,,,,,,,,,0.0013947927736450586
NZL,ER.LND.PTLD.ZS,,,,0.4545622119815668,0.5244239631336406,,,,,,0.59963133640553,,
NIC,EN.BIR.THRD.NO,,,,,,,,,,,,,0.0034145231049396768
NIC,EN.MAM.THRD.NO,,,,,,,,,,,,,0.002055196711685261
NIC,ER.MRN.PTMR.ZS,,,,0.005982053838484546,0.15653040877367896,,,,,,0.3758723828514457,,
NIC,EN.HPT.THRD.NO,,,,,,,,,,,,,0.003055260361317747
NIC,ER.LND.PTLD.ZS,,,,0.2842396313364055,0.6770506912442396,,,,,,0.6840552995391705,,
NER,EN.BIR.THRD.NO,,,,,,,,,,,,,0.002503983610289096
NER,EN.MAM.THRD.NO,,,,,,,,,,,,,0.0035231943628890195
NER,ER.MRN.PTMR.ZS,,,,0.0,0.0,,,,,,0.0,,
NER,EN.HPT.THRD.NO,,,,,,,,,,,,,0.00019925611052072262
NER,ER.LND.PTLD.ZS,,,,0.14267281105990784,0.14267281105990784,,,,,,0.32460829493087556,,
NGA,EN.BIR.THRD.NO,,,,,,,,,,,,,0.0047803323469155475
NGA,EN.MAM.THRD.NO,,,,,,,,,,,,,0.008514386376981797
NGA,ER.MRN.PTMR.ZS,,,,0.0019940179461615157,0.0019940179461615157,,,,,,0.0019940179461615157,,
NGA,EN.HPT.THRD.NO,,,,,,,,,,,,,0.013084484590860786
NGA,ER.LND.PTLD.ZS,,,,0.21327188940092168,0.23797235023041474,,,,,,0.26138248847926265,,
MNP,EN.BIR.THRD.NO,,,,,,,,,,,,,0.003642157978602322
MNP,EN.MAM.THRD.NO,,,,,,,,,,,,,0.0011743981209630064
MNP,ER.MRN.PTMR.ZS,,,,0.0009970089730807579,0.0009970089730807579,,,,,,0.20338983050847456,,
MNP,EN.HPT.THRD.NO,,,,,,,,,,,,,0.00033209351753453773
MNP,ER.LND.PTLD.ZS,,,,0.02304147465437788,0.025990783410138246,,,,,,0.06267281105990784,,
NOR,EN.BIR.THRD.NO,,,,,,,,,,,,,0.0015934441156385158
NOR,EN.MAM.THRD.NO,,,,,,,,,,,,,0.002348796241926013
NOR,ER.MRN.PTMR.ZS,,,,0.5044865403788634,0.5064805583250249,,,,,,0.60518444666002,,
NOR,EN.HPT.THRD.NO,,,,,,,,,,,,,0.00019925611052072262
NOR,ER.LND.PTLD.ZS,,,,0.32755760368663595,0.3655299539170507,,,,,,0.5389861751152073,,
OMN,EN.BIR.THRD.NO,,,,,,,,,,,,,0.0029592533576143867
OMN,EN.MAM.THRD.NO,,,,,,,,,,,,,0.002935995302407516
OMN,ER.MRN.PTMR.ZS,,,,0.0,0.01296111665004985,,,,,,0.01296111665004985,,
OMN,EN.HPT.THRD.NO,,,,,,,,,,,,,0.00039851222104144525
OMN,ER.LND.PTLD.ZS,,,,0.0,0.19723502304147464,,,,,,0.19723502304147464,,
PAK,EN.BIR.THRD.NO,,,,,,,,,,,,,0.007284315957204644
PAK,EN.MAM.THRD.NO,,,,,,,,,,,,,0.007339988256018791
PAK,ER.MRN.PTMR.ZS,,,,0.01794616151545364,0.019940179461615155,,,,,,0.05583250249252243,,
PAK,EN.HPT.THRD.NO,,,,,,,,,,,,,0.0007970244420828905
PAK,ER.LND.PTLD.ZS,,,,0.18691244239631338,0.18764976958525345,,,,,,0.19870967741935483,,
PLW,EN.BIR.THRD.NO,,,,,,,,,,,,,0.0011381743683132257
PLW,EN.MAM.THRD.NO,,,,,,,,,,,,,0.0011743981209630064
PLW,ER.MRN.PTMR.ZS,,,,0.004985044865403789,0.19940179461615154,,,,,,0.31306081754735793,,
PLW,EN.HPT.THRD.NO,,,,,,,,,,,,,0.00026567481402763017
PLW,ER.LND.PTLD.ZS,,,,0.004608294930875576,0.17585253456221198,,,,,,0.29456221198156685,,
PAN,EN.BIR.THRD.NO,,,,,,,,,,,,,0.005007967220578192
PAN,EN.MAM.THRD.NO,,,,,,,,,,,,,0.004697592483852026
PAN,ER.MRN.PTMR.ZS,,,,0.03788634097706879,0.04685942173479562,,,,,,0.07377866400797607,,
PAN,EN.HPT.THRD.NO,,,,,,,,,,,,,0.01381509032943677
PAN,ER.LND.PTLD.ZS,,,,0.33474654377880186,0.3496774193548387,,,,,,0.3791705069124424,,
PNG,EN.BIR.THRD.NO,,,,,,,,,,,,,0.008422490325517869
PNG,EN.MAM.THRD.NO,,,,,,,,,,,,,0.011450381679389313
PNG,ER.MRN.PTMR.ZS,,,,0.002991026919242273,0.0039880358923230315,,,,,,0.0039880358923230315,,
PNG,EN.HPT.THRD.NO,,,,,,,,,,,,,0.010095642933049946
PNG,ER.LND.PTLD.ZS,,,,0.03576036866359447,0.0567741935483871,,,,,,0.05751152073732719,,
PRY,EN.BIR.THRD.NO,,,,,,,,,,,,,0.006146141588891418
PRY,EN.MAM.THRD.NO,,,,,,,,,,,,,0.002935995302407516
PRY,ER.MRN.PTMR.ZS,,,,0.0,0.0,,,,,,0.0,,
PRY,EN.HPT.THRD.NO,,,,,,,,,,,,,0.0012619553666312433
PRY,ER.LND.PTLD.ZS,,,,0.05364055299539171,0.0936405529953917,,,,,,0.11981566820276497,,
PER,EN.BIR.THRD.NO,,,,,,,,,,,,,0.027316184839517414
PER,EN.MAM.THRD.NO,,,,,,,,,,,,,0.015560775102759836
PER,ER.MRN.PTMR.ZS,,,,0.027916251246261216,0.027916251246261216,,,,,,0.06779661016949153,,
PER,EN.HPT.THRD.NO,,,,,,,,,,,,,0.02165249734325186
PER,ER.LND.PTLD.ZS,,,,0.08811059907834101,0.13548387096774192,,,,,,0.5795391705069125,,
PHL,EN.BIR.THRD.NO,,,,,,,,,,,,,0.020259503755975416
PHL,EN.MAM.THRD.NO,,,,,,,,,,,,,0.011450381679389313
PHL,ER.MRN.PTMR.ZS,,,,0.002991026919242273,0.023928215353938184,,,,,,0.024925224327018942,,
PHL,EN.HPT.THRD.NO,,,,,,,,,,,,,0.015874070138150904
PHL,ER.LND.PTLD.ZS,,,,0.16092165898617514,0.1990783410138249,,,,,,0.20202764976958526,,
POL,EN.BIR.THRD.NO,,,,,,,,,,,,,0.002503983610289096
POL,EN.MAM.THRD.NO,,,,,,,,,,,,,0.001467997651203758
POL,ER.MRN.PTMR.ZS,,,,0.013958125623130608,0.014955134596211367,,,,,,0.5254237288135594,,
POL,EN.HPT.THRD.NO,,,,,,,,,,,,,0.0006641870350690755
POL,ER.LND.PTLD.ZS,,,,0.20479262672811058,0.3555760368663594,,,,,,0.5529953917050692,,
PRT,EN.BIR.THRD.NO,,,,,,,,,,,,,0.0027316184839517414
PRT,EN.MAM.THRD.NO,,,,,,,,,,,,,0.003816793893129771
PRT,ER.MRN.PTMR.ZS,,,,0.040877367896311065,0.0448654037886341,,,,,,0.054835493519441676,,
PRT,EN.HPT.THRD.NO,,,,,,,,,,,,,0.005379914984059511
PRT,ER.LND.PTLD.ZS,,,,0.15428571428571428,0.39631336405529954,,,,,,0.4071889400921659,,
PRI,EN.BIR.THRD.NO,,,,,,,,,,,,,0.001821078989301161
PRI,EN.MAM.THRD.NO,,,,,,,,,,,,,0.0005871990604815032
PRI,ER.MRN.PTMR.ZS,,,,0.01694915254237288,0.01694915254237288,,,,,,0.01794616151545364,,
PRI,EN.HPT.THRD.NO,,,,,,,,,,,,,0.00378586609989373
PRI,ER.LND.PTLD.ZS,,,,0.18506912442396312,0.1889400921658986,,,,,,0.18949308755760366,,
QAT,EN.BIR.THRD.NO,,,,,,,,,,,,,0.001821078989301161
QAT,EN.MAM.THRD.NO,,,,,,,,,,,,,0.0005871990604815032
QAT,ER.MRN.PTMR.ZS,,,,0.0,0.0039880358923230315,,,,,,0.015952143569292126,,
QAT,EN.HPT.THRD.NO,,,,,,,,,,,,,0.0
QAT,ER.LND.PTLD.ZS,,,,0.03225806451612903,0.043502304147465434,,,,,,0.05898617511520737,,
ROU,EN.BIR.THRD.NO,,,,,,,,,,,,,0.004097427725927612
ROU,EN.MAM.THRD.NO,,,,,,,,,,,,,0.002348796241926013
ROU,ER.MRN.PTMR.ZS,,,,0.014955134596211367,0.349950149551346,,,,,,0.4267198404785643,,
ROU,EN.HPT.THRD.NO,,,,,,,,,,,,,0.00033209351753453773
ROU,ER.LND.PTLD.ZS,,,,0.05105990783410138,0.09179723502304148,,,,,,0.43870967741935485,,
RUS,EN.BIR.THRD.NO,,,,,,,,,,,,,0.012292283177782836
RUS,EN.MAM.THRD.NO,,,,,,,,,,,,,0.009395184967704051
RUS,ER.MRN.PTMR.ZS,,,,0.022931206380857428,0.1106679960119641,,,,,,0.11465603190428714,,
RUS,EN.HPT.THRD.NO,,,,,,,,,,,,,0.0037194473963868225
RUS,ER.LND.PTLD.ZS,,,,0.09235023041474653,0.19963133640552996,,,,,,0.20940092165898616,,
RWA,EN.BIR.THRD.NO,,,,,,,,,,,,,0.003642157978602322
RWA,EN.MAM.THRD.NO,,,,,,,,,,,,,0.007046388725778039
RWA,ER.MRN.PTMR.ZS,,,,0.0,0.0,,,,,,0.0,,
RWA,EN.HPT.THRD.NO,,,,,,,,,,,,,0.0005313496280552603
RWA,ER.LND.PTLD.ZS,,,,0.16184331797235021,0.16184331797235021,,,,,,0.17382488479262673,,
WSM,EN.BIR.THRD.NO,,,,,,,,,,,,,0.0013658092419758707
WSM,EN.MAM.THRD.NO,,,,,,,,,,,,,0.0005871990604815032
WSM,ER.MRN.PTMR.ZS,,,,0.004985044865403789,0.010967098703888336,,,,,,0.010967098703888336,,
WSM,EN.HPT.THRD.NO,,,,,,,,,,,,,0.00013283740701381508
WSM,ER.LND.PTLD.ZS,,,,0.043502304147465434,0.10635944700460828,,,,,,0.12479262672811059,,
SMR,EN.BIR.THRD.NO,,,,,,,,,,,,,0.0
SMR,EN.MAM.THRD.NO,,,,,,,,,,,,,0.0
SMR,ER.MRN.PTMR.ZS,,,,0.0,0.0,,,,,,0.0,,
SMR,EN.HPT.THRD.NO,,,,,,,,,,,,,0.0
SMR,ER.LND.PTLD.ZS,,,,0.0,0.0,,,,,,0.0,,
STP,EN.BIR.THRD.NO,,,,,,,,,,,,,0.0029592533576143867
STP,EN.MAM.THRD.NO,,,,,,,,,,,,,0.001467997651203758
STP,ER.MRN.PTMR.ZS,,,,0.0,0.0,,,,,,0.0,,
STP,EN.HPT.THRD.NO,,,,,,,,,,,,,0.0025239107332624866
STP,ER.LND.PTLD.ZS,,,,0.0,0.0,,,,,,0.0,,
SAU,EN.BIR.THRD.NO,,,,,,,,,,,,,0.004097427725927612
SAU,EN.MAM.THRD.NO,,,,,,,,,,,,,0.002935995302407516
SAU,ER.MRN.PTMR.ZS,,,,0.005982053838484546,0.03389830508474576,,,,,,0.03389830508474576,,
SAU,EN.HPT.THRD.NO,,,,,,,,,,,,,0.00019925611052072262
SAU,ER.LND.PTLD.ZS,,,,0.13972350230414746,0.576405529953917,,,,,,0.576405529953917,,
SEN,EN.BIR.THRD.NO,,,,,,,,,,,,,0.003642157978602322
SEN,EN.MAM.THRD.NO,,,,,,,,,,,,,0.0049911920140927775
SEN,ER.MRN.PTMR.ZS,,,,0.08075772681954138,0.08075772681954138,,,,,,0.14356929212362912,,
SEN,EN.HPT.THRD.NO,,,,,,,,,,,,,0.0007970244420828905
SEN,ER.LND.PTLD.ZS,,,,0.464147465437788,0.46433179723502305,,,,,,0.46451612903225803,,
SRB,EN.BIR.THRD.NO,,,,,,,,,,,,,0.0029592533576143867
SRB,EN.MAM.THRD.NO,,,,,,,,,,,,,0.0017615971814445098
SRB,ER.MRN.PTMR.ZS,,,,0.0,0.0,,,,,,0.0,,
SRB,EN.HPT.THRD.NO,,,,,,,,,,,,,0.00033209351753453773
SRB,ER.LND.PTLD.ZS,,,,0.06820276497695853,0.096036866359447,,,,,,0.12460829493087557,,
SYC,EN.BIR.THRD.NO,,,,,,,,,,,,,0.002503983610289096
SYC,EN.MAM.THRD.NO,,,,,,,,,,,,,0.0017615971814445098
SYC,ER.MRN.PTMR.ZS,,,,0.006979062811565304,0.006979062811565304,,,,,,0.009970089730807577,,
SYC,EN.HPT.THRD.NO,,,,,,,,,,,,,0.004117959617428267
SYC,ER.LND.PTLD.ZS,,,,0.7749308755760369,0.775852534562212,,,,,,0.7765898617511521,,
SLE,EN.BIR.THRD.NO,,,,,,,,,,,,,0.0034145231049396768
SLE,EN.MAM.THRD.NO,,,,,,,,,,,,,0.0064591896652965355
SLE,ER.MRN.PTMR.ZS,,,,0.0,0.054835493519441676,,,,,,0.07776669990029911,,
SLE,EN.HPT.THRD.NO,,,,,,,,,,,,,0.00431721572794899
SLE,ER.LND.PTLD.ZS,,,,0.05105990783410138,0.1384331797235023,,,,,,0.20092165898617512,,
SGP,EN.BIR.THRD.NO,,,,,,,,,,,,,0.003869792852264967
SGP,EN.MAM.THRD.NO,,,,,,,,,,,,,0.003816793893129771
SGP,ER.MRN.PTMR.ZS,,,,0.0,0.013958125623130608,,,,,,0.014955134596211367,,
SGP,EN.HPT.THRD.NO,,,,,,,,,,,,,0.0038522848034006378
SGP,ER.LND.PTLD.ZS,,,,0.09990783410138249,0.10341013824884793,,,,,,0.10672811059907834,,
SXM,EN.BIR.THRD.NO,,,,,,,,,,,,,0.0
SXM,EN.MAM.THRD.NO,,,,,,,,,,,,,0.0005871990604815032
SXM,ER.MRN.PTMR.ZS,,,,,,,,,,,,,
SXM,EN.HPT.THRD.NO,,,,,,,,,,,,,0.00013283740701381508
SXM,ER.LND.PTLD.ZS,,,,,,,,,,,,,
SVK,EN.BIR.THRD.NO,,,,,,,,,,,,,0.002503983610289096
SVK,EN.MAM.THRD.NO,,,,,,,,,,,,,0.0011743981209630064
SVK,ER.MRN.PTMR.ZS,,,,0.0,0.0,,,,,,0.0,,
SVK,EN.HPT.THRD.NO,,,,,,,,,,,,,0.0004649309245483528
SVK,ER.LND.PTLD.ZS,,,,0.27336405529953917,0.3590783410138249,,,,,,0.6752073732718894,,
SVN,EN.BIR.THRD.NO,,,,,,,,,,,,,0.001821078989301161
SVN,EN.MAM.THRD.NO,,,,,,,,,,,,,0.0017615971814445098
SVN,ER.MRN.PTMR.ZS,,,,0.0,0.0039880358923230315,,,,,,0.9820538384845464,,
SVN,EN.HPT.THRD.NO,,,,,,,,,,,,,0.0004649309245483528
SVN,ER.LND.PTLD.ZS,,,,0.1336405529953917,0.16,,,,,,0.9878341013824885,,
SLB,EN.BIR.THRD.NO,,,,,,,,,,,,,0.005690871841566128
SLB,EN.MAM.THRD.NO,,,,,,,,,,,,,0.005871990604815032
SLB,ER.MRN.PTMR.ZS,,,,0.0,0.0039880358923230315,,,,,,0.00897308075772682,,
SLB,EN.HPT.THRD.NO,,,,,,,,,,,,,0.0011291179596174283
SLB,ER.LND.PTLD.ZS,,,,0.0011059907834101382,0.021382488479262673,,,,,,0.04073732718894009,,
SOM,EN.BIR.THRD.NO,,,,,,,,,,,,,0.004097427725927612
SOM,EN.MAM.THRD.NO,,,,,,,,,,,,,0.004110393423370522
SOM,ER.MRN.PTMR.ZS,,,,0.0,0.0,,,,,,0.0,,
SOM,EN.HPT.THRD.NO,,,,,,,,,,,,,0.0028560042507970243
SOM,ER.LND.PTLD.ZS,,,,0.010875576036866359,0.010875576036866359,,,,,,0.011059907834101382,,
ZAF,EN.BIR.THRD.NO,,,,,,,,,,,,,0.010471204188481676
ZAF,EN.MAM.THRD.NO,,,,,,,,,,,,,0.007633587786259542
ZAF,ER.MRN.PTMR.ZS,,,,0.013958125623130608,0.03389830508474576,,,,,,0.13359920239282155,,
ZAF,EN.HPT.THRD.NO,,,,,,,,,,,,,0.0077045696068012755
ZAF,ER.LND.PTLD.ZS,,,,0.10562211981566821,0.12239631336405529,,,,,,0.1631336405529954,,
SSD,EN.BIR.THRD.NO,,,,,,,,,,,,,0.004325062599590257
SSD,EN.MAM.THRD.NO,,,,,,,,,,,,,0.002935995302407516
SSD,ER.MRN.PTMR.ZS,,,,0.0,0.0,,,,,,0.0,,
SSD,EN.HPT.THRD.NO,,,,,,,,,,,,,0.0009962805526036133
SSD,ER.LND.PTLD.ZS,,,,0.23649769585253455,0.23649769585253455,,,,,,0.38341013824884795,,
ESP,EN.BIR.THRD.NO,,,,,,,,,,,,,0.0034145231049396768
ESP,EN.MAM.THRD.NO,,,,,,,,,,,,,0.0049911920140927775
ESP,ER.MRN.PTMR.ZS,,,,0.007976071784646063,0.06580259222333001,,,,,,0.07477567298105683,,
ESP,EN.HPT.THRD.NO,,,,,,,,,,,,,0.014346439957492029
ESP,ER.LND.PTLD.ZS,,,,0.14857142857142858,0.4423963133640553,,,,,,0.5155760368663594,,
LKA,EN.BIR.THRD.NO,,,,,,,,,,,,,0.003642157978602322
LKA,EN.MAM.THRD.NO,,,,,,,,,,,,,0.008514386376981797
LKA,ER.MRN.PTMR.ZS,,,,0.0009970089730807579,0.010967098703888336,,,,,,0.01296111665004985,,
LKA,EN.HPT.THRD.NO,,,,,,,,,,,,,0.019327842720510097
LKA,ER.LND.PTLD.ZS,,,,0.37400921658986175,0.39576036866359443,,,,,,0.42746543778801843,,
KNA,EN.BIR.THRD.NO,,,,,,,,,,,,,0.00022763487366264513
KNA,EN.MAM.THRD.NO,,,,,,,,,,,,,0.0005871990604815032
KNA,ER.MRN.PTMR.ZS,,,,0.005982053838484546,0.005982053838484546,,,,,,0.004985044865403789,,
KNA,EN.HPT.THRD.NO,,,,,,,,,,,,,0.00013283740701381508
KNA,ER.LND.PTLD.ZS,,,,0.061198156682027646,0.061198156682027646,,,,,,0.061198156682027646,,
LCA,EN.BIR.THRD.NO,,,,,,,,,,,,,0.0011381743683132257
LCA,EN.MAM.THRD.NO,,,,,,,,,,,,,0.0005871990604815032
LCA,ER.MRN.PTMR.ZS,,,,0.0009970089730807579,0.0009970089730807579,,,,,,0.0019940179461615157,,
LCA,EN.HPT.THRD.NO,,,,,,,,,,,,,0.00039851222104144525
LCA,ER.LND.PTLD.ZS,,,,0.2630414746543779,0.2630414746543779,,,,,,0.31115207373271886,,
MAF,EN.BIR.THRD.NO,,,,,,,,,,,,,0.0
MAF,EN.MAM.THRD.NO,,,,,,,,,,,,,0.0005871990604815032
MAF,ER.MRN.PTMR.ZS,,,,,,,,,,,,,
MAF,EN.HPT.THRD.NO,,,,,,,,,,,,,0.00019925611052072262
MAF,ER.LND.PTLD.ZS,,,,,,,,,,,,,
VCT,EN.BIR.THRD.NO,,,,,,,,,,,,,0.00045526974732529026
VCT,EN.MAM.THRD.NO,,,,,,,,,,,,,0.0005871990604815032
VCT,ER.MRN.PTMR.ZS,,,,0.01296111665004985,0.01296111665004985,,,,,,0.011964107676969092,,
VCT,EN.HPT.THRD.NO,,,,,,,,,,,,,0.00033209351753453773
VCT,ER.LND.PTLD.ZS,,,,0.36737327188940094,0.41308755760368665,,,,,,0.4140092165898618,,
SDN,EN.BIR.THRD.NO,,,,,,,,,,,,,0.005235602094240838
SDN,EN.MAM.THRD.NO,,,,,,,,,,,,,0.003816793893129771
SDN,ER.MRN.PTMR.ZS,,,,0.0,0.0,,,,,,0.0,,
SDN,EN.HPT.THRD.NO,,,,,,,,,,,,,0.0010626992561105207
SDN,ER.LND.PTLD.ZS,,,,0.02433179723502304,0.024516129032258065,,,,,,0.03207373271889401,,
SUR,EN.BIR.THRD.NO,,,,,,,,,,,,,0.002048713862963806
SUR,EN.MAM.THRD.NO,,,,,,,,,,,,,0.0026423957721667646
SUR,ER.MRN.PTMR.ZS,,,,0.22831505483549352,0.22831505483549352,,,,,,0.22831505483549352,,
SUR,EN.HPT.THRD.NO,,,,,,,,,,,,,0.0017933049946865036
SUR,ER.LND.PTLD.ZS,,,,0.06451612903225806,0.26838709677419353,,,,,,0.2713364055299539,,
SWZ,EN.BIR.THRD.NO,,,,,,,,,,,,,0.0029592533576143867
SWZ,EN.MAM.THRD.NO,,,,,,,,,,,,,0.002348796241926013
SWZ,ER.MRN.PTMR.ZS,,,,0.0,0.0,,,,,,0.0,,
SWZ,EN.HPT.THRD.NO,,,,,,,,,,,,,0.000730605738575983
SWZ,ER.LND.PTLD.ZS,,,,0.07336405529953917,0.07410138248847925,,,,,,0.07410138248847925,,
SWE,EN.BIR.THRD.NO,,,,,,,,,,,,,0.001821078989301161
SWE,EN.MAM.THRD.NO,,,,,,,,,,,,,0.0002935995302407516
SWE,ER.MRN.PTMR.ZS,,,,0.040877367896311065,0.07876370887337987,,,,,,0.10468594217347957,,
SWE,EN.HPT.THRD.NO,,,,,,,,,,,,,0.00026567481402763017
SWE,ER.LND.PTLD.ZS,,,,0.11576036866359447,0.24442396313364054,,,,,,0.27244239631336403,,
CHE,EN.BIR.THRD.NO,,,,,,,,,,,,,0.0013658092419758707
CHE,EN.MAM.THRD.NO,,,,,,,,,,,,,0.0008807985907222549
CHE,ER.MRN.PTMR.ZS,,,,0.0,0.0,,,,,,0.0,,
CHE,EN.HPT.THRD.NO,,,,,,,,,,,,,0.00026567481402763017
CHE,ER.LND.PTLD.ZS,,,,0.012903225806451613,0.096036866359447,,,,,,0.18304147465437787,,
SYR,EN.BIR.THRD.NO,,,,,,,,,,,,,0.004097427725927612
SYR,EN.MAM.THRD.NO,,,,,,,,,,,,,0.004697592483852026
SYR,ER.MRN.PTMR.ZS,,,,0.0,0.005982053838484546,,,,,,0.005982053838484546,,
SYR,EN.HPT.THRD.NO,,,,,,,,,,,,,0.0008634431455897981
SYR,ER.LND.PTLD.ZS,,,,0.004608294930875576,0.0068202764976958525,,,,,,0.012718894009216589,,
TJK,EN.BIR.THRD.NO,,,,,,,,,,,,,0.0034145231049396768
TJK,EN.MAM.THRD.NO,,,,,,,,,,,,,0.002055196711685261
TJK,ER.MRN.PTMR.ZS,,,,0.0,0.0,,,,,,0.0,,
TJK,EN.HPT.THRD.NO,,,,,,,,,,,,,0.0007970244420828905
TJK,ER.LND.PTLD.ZS,,,,0.04811059907834101,0.34082949308755756,,,,,,0.4040552995391705,,
TZA,EN.BIR.THRD.NO,,,,,,,,,,,,,0.01069883906214432
TZA,EN.MAM.THRD.NO,,,,,,,,,,,,,0.011156782149148562
TZA,ER.MRN.PTMR.ZS,,,,0.036889332003988036,0.09970089730807577,,,,,,0.1814556331006979,,
TZA,EN.HPT.THRD.NO,,,,,,,,,,,,,0.03998405951115834
TZA,ER.LND.PTLD.ZS,,,,0.49788018433179726,0.5214746543778802,,,,,,0.5902304147465438,,
THA,EN.BIR.THRD.NO,,,,,,,,,,,,,0.0116093785567949
THA,EN.MAM.THRD.NO,,,,,,,,,,,,,0.01644157369348209
THA,ER.MRN.PTMR.ZS,,,,0.038883349950149554,0.04187437686939183,,,,,,0.0518444666001994,,
THA,EN.HPT.THRD.NO,,,,,,,,,,,,,0.009962805526036131
THA,ER.LND.PTLD.ZS,,,,0.21990783410138248,0.3094930875576037,,,,,,0.34580645161290324,,
TLS,EN.BIR.THRD.NO,,,,,,,,,,,,,0.0013658092419758707
TLS,EN.MAM.THRD.NO,,,,,,,,,,,,,0.001467997651203758
TLS,ER.MRN.PTMR.ZS,,,,0.0,0.0,,,,,,0.03788634097706879,,
TLS,EN.HPT.THRD.NO,,,,,,,,,,,,,6.641870350690754e-05
TLS,ER.LND.PTLD.ZS,,,,0.0,0.06230414746543778,,,,,,0.1607373271889401,,
TGO,EN.BIR.THRD.NO,,,,,,,,,,,,,0.002503983610289096
TGO,EN.MAM.THRD.NO,,,,,,,,,,,,,0.0035231943628890195
TGO,ER.MRN.PTMR.ZS,,,,0.0,0.0,,,,,,0.027916251246261216,,
TGO,EN.HPT.THRD.NO,,,,,,,,,,,,,0.0007970244420828905
TGO,ER.LND.PTLD.ZS,,,,0.20497695852534562,0.2103225806451613,,,,,,0.4615668202764977,,
TON,EN.BIR.THRD.NO,,,,,,,,,,,,,0.0011381743683132257
TON,EN.MAM.THRD.NO,,,,,,,,,,,,,0.0005871990604815032
TON,ER.MRN.PTMR.ZS,,,,0.0,0.09571286141575273,,,,,,0.09571286141575273,,
TON,EN.HPT.THRD.NO,,,,,,,,,,,,,0.00026567481402763017
TON,ER.LND.PTLD.ZS,,,,0.028018433179723502,0.17179723502304148,,,,,,0.2936405529953917,,
TTO,EN.BIR.THRD.NO,,,,,,,,,,,,,0.0011381743683132257
TTO,EN.MAM.THRD.NO,,,,,,,,,,,,,0.0005871990604815032
TTO,ER.MRN.PTMR.ZS,,,,0.0019940179461615157,0.027916251246261216,,,,,,0.029910269192422734,,
TTO,EN.HPT.THRD.NO,,,,,,,,,,,,,0.00013283740701381508
TTO,ER.LND.PTLD.ZS,,,,0.5612903225806452,0.5817511520737327,,,,,,0.5987096774193548,,
TUN,EN.BIR.THRD.NO,,,,,,,,,,,,,0.0022763487366264513
TUN,EN.MAM.THRD.NO,,,,,,,,,,,,,0.004110393423370522
TUN,ER.MRN.PTMR.ZS,,,,0.010967098703888336,0.011964107676969092,,,,,,0.02691924227318046,,
TUN,EN.HPT.THRD.NO,,,,,,,,,,,,,0.0004649309245483528
TUN,ER.LND.PTLD.ZS,,,,0.023410138248847925,0.02433179723502304,,,,,,0.10027649769585255,,
TUR,EN.BIR.THRD.NO,,,,,,,,,,,,,0.004552697473252903
TUR,EN.MAM.THRD.NO,,,,,,,,,,,,,0.005284791544333529
TUR,ER.MRN.PTMR.ZS,,,,0.0,0.002991026919242273,,,,,,0.0039880358923230315,,
TUR,EN.HPT.THRD.NO,,,,,,,,,,,,,0.006907545164718385
TUR,ER.LND.PTLD.ZS,,,,0.0003686635944700461,0.003686635944700461,,,,,,0.00423963133640553,,
TKM,EN.BIR.THRD.NO,,,,,,,,,,,,,0.004552697473252903
TKM,EN.MAM.THRD.NO,,,,,,,,,,,,,0.002935995302407516
TKM,ER.MRN.PTMR.ZS,,,,0.0,0.0,,,,,,0.0,,
TKM,EN.HPT.THRD.NO,,,,,,,,,,,,,0.00026567481402763017
TKM,ER.LND.PTLD.ZS,,,,0.05511520737327189,0.05511520737327189,,,,,,0.058064516129032254,,
TCA,EN.BIR.THRD.NO,,,,,,,,,,,,,0.00045526974732529026
TCA,EN.MAM.THRD.NO,,,,,,,,,,,,,0.0005871990604815032
TCA,ER.MRN.PTMR.ZS,,,,0.006979062811565304,0.009970089730807577,,,,,,0.009970089730807577,,
TCA,EN.HPT.THRD.NO,,,,,,,,,,,,,0.000597768331562168
TCA,ER.LND.PTLD.ZS,,,,0.6733640552995392,0.8182488479262673,,,,,,0.8182488479262673,,
TUV,EN.BIR.THRD.NO,,,,,,,,,,,,,0.00022763487366264513
TUV,EN.MAM.THRD.NO,,,,,,,,,,,,,0.0002935995302407516
TUV,ER.MRN.PTMR.ZS,,,,0.0009970089730807579,0.002991026919242273,,,,,,0.002991026919242273,,
TUV,EN.HPT.THRD.NO,,,,,,,,,,,,,0.0
TUV,ER.LND.PTLD.ZS,,,,0.007373271889400922,0.03447004608294931,,,,,,0.044423963133640554,,
UGA,EN.BIR.THRD.NO,,,,,,,,,,,,,0.005690871841566128
UGA,EN.MAM.THRD.NO,,,,,,,,,,,,,0.008514386376981797
UGA,ER.MRN.PTMR.ZS,,,,0.0,0.0,,,,,,0.0,,
UGA,EN.HPT.THRD.NO,,,,,,,,,,,,,0.0034537725823591925
UGA,ER.LND.PTLD.ZS,,,,0.22617511520737327,0.23870967741935484,,,,,,0.29493087557603687,,
UKR,EN.BIR.THRD.NO,,,,,,,,,,,,,0.004097427725927612
UKR,EN.MAM.THRD.NO,,,,,,,,,,,,,0.002935995302407516
UKR,ER.MRN.PTMR.ZS,,,,0.05882352941176471,0.10667996011964108,,,,,,0.10667996011964108,,
UKR,EN.HPT.THRD.NO,,,,,,,,,,,,,0.001195536663124336
UKR,ER.LND.PTLD.ZS,,,,0.03631336405529954,0.07336405529953917,,,,,,0.07447004608294931,,
ARE,EN.BIR.THRD.NO,,,,,,,,,,,,,0.0027316184839517414
ARE,EN.MAM.THRD.NO,,,,,,,,,,,,,0.002348796241926013
ARE,ER.MRN.PTMR.ZS,,,,0.002991026919242273,0.002991026919242273,,,,,,0.20937188434695914,,
ARE,EN.HPT.THRD.NO,,,,,,,,,,,,,0.0
ARE,ER.LND.PTLD.ZS,,,,0.23152073732718895,0.23225806451612901,,,,,,0.34211981566820276,,
GBR,EN.BIR.THRD.NO,,,,,,,,,,,,,0.001821078989301161
GBR,EN.MAM.THRD.NO,,,,,,,,,,,,,0.001467997651203758
GBR,ER.MRN.PTMR.ZS,,,,0.049850448654037885,0.10967098703888335,,,,,,0.17148554336989033,,
GBR,EN.HPT.THRD.NO,,,,,,,,,,,,,0.0010626992561105207
GBR,ER.LND.PTLD.ZS,,,,0.4014746543778802,0.44940092165898615,,,,,,0.5240552995391705,,
USA,EN.BIR.THRD.NO,,,,,,,,,,,,,0.017527885272023674
USA,EN.MAM.THRD.NO,,,,,,,,,,,,,0.010275983558426306
USA,ER.MRN.PTMR.ZS,,,,0.22532402791625128,0.28215353938185445,,,,,,0.3160518444666002,,
USA,EN.HPT.THRD.NO,,,,,,,,,,,,,0.030685441020191287
USA,ER.LND.PTLD.ZS,,,,0.25253456221198156,0.2549308755760369,,,,,,0.255852534562212,,
URY,EN.BIR.THRD.NO,,,,,,,,,,,,,0.005007967220578192
URY,EN.MAM.THRD.NO,,,,,,,,,,,,,0.002935995302407516
URY,ER.MRN.PTMR.ZS,,,,0.002991026919242273,0.002991026919242273,,,,,,0.01794616151545364,,
URY,EN.HPT.THRD.NO,,,,,,,,,,,,,0.001461211477151966
URY,ER.LND.PTLD.ZS,,,,0.04,0.04,,,,,,0.04940092165898618,,
UZB,EN.BIR.THRD.NO,,,,,,,,,,,,,0.004552697473252903
UZB,EN.MAM.THRD.NO,,,,,,,,,,,,,0.002935995302407516
UZB,ER.MRN.PTMR.ZS,,,,0.0,0.0,,,,,,0.0,,
UZB,EN.HPT.THRD.NO,,,,,,,,,,,,,0.0011291179596174283
UZB,ER.LND.PTLD.ZS,,,,0.03907834101382489,0.0416589861751152,,,,,,0.06341013824884792,,
VUT,EN.BIR.THRD.NO,,,,,,,,,,,,,0.002048713862963806
VUT,EN.MAM.THRD.NO,,,,,,,,,,,,,0.002055196711685261
VUT,ER.MRN.PTMR.ZS,,,,0.0,0.0,,,,,,0.0,,
VUT,EN.HPT.THRD.NO,,,,,,,,,,,,,0.0006641870350690755
VUT,ER.LND.PTLD.ZS,,,,0.06838709677419355,0.07741935483870968,,,,,,0.07741935483870968,,
VEN,EN.BIR.THRD.NO,,,,,,,,,,,,,0.010015934441156385
VEN,EN.MAM.THRD.NO,,,,,,,,,,,,,0.010275983558426306
VEN,ER.MRN.PTMR.ZS,,,,0.07676969092721835,0.1674975074775673,,,,,,0.1674975074775673,,
VEN,EN.HPT.THRD.NO,,,,,,,,,,,,,0.005446333687566419
VEN,ER.LND.PTLD.ZS,,,,0.7369585253456221,0.992073732718894,,,,,,0.9928110599078341,,
VNM,EN.BIR.THRD.NO,,,,,,,,,,,,,0.010471204188481676
VNM,EN.MAM.THRD.NO,,,,,,,,,,,,,0.01614797416324134
VNM,ER.MRN.PTMR.ZS,,,,0.002991026919242273,0.004985044865403789,,,,,,0.01794616151545364,,
VNM,EN.HPT.THRD.NO,,,,,,,,,,,,,0.01354941551540914
VNM,ER.LND.PTLD.ZS,,,,0.0840552995391705,0.11188940092165899,,,,,,0.12,,
VIR,EN.BIR.THRD.NO,,,,,,,,,,,,,0.00022763487366264513
VIR,EN.MAM.THRD.NO,,,,,,,,,,,,,0.0002935995302407516
VIR,ER.MRN.PTMR.ZS,,,,0.015952143569292126,0.019940179461615155,,,,,,0.019940179461615155,,
VIR,EN.HPT.THRD.NO,,,,,,,,,,,,,0.0007970244420828905
VIR,ER.LND.PTLD.ZS,,,,0.2737327188940092,0.28258064516129033,,,,,,0.28258064516129033,,
PSE,EN.BIR.THRD.NO,,,,,,,,,,,,,0.0029592533576143867
PSE,EN.MAM.THRD.NO,,,,,,,,,,,,,0.0008807985907222549
PSE,ER.MRN.PTMR.ZS,,,,,,,,,,,,,
PSE,EN.HPT.THRD.NO,,,,,,,,,,,,,0.00019925611052072262
PSE,ER.LND.PTLD.ZS,,,,,,,,,,,,,
YEM,EN.BIR.THRD.NO,,,,,,,,,,,,,0.004097427725927612
YEM,EN.MAM.THRD.NO,,,,,,,,,,,,,0.0026423957721667646
YEM,ER.MRN.PTMR.ZS,,,,0.0,0.020937188434695914,,,,,,0.03589232303090728,,
YEM,EN.HPT.THRD.NO,,,,,,,,,,,,,0.010759829968119023
YEM,ER.LND.PTLD.ZS,,,,0.0,0.008847926267281106,,,,,,0.014193548387096775,,
ZMB,EN.BIR.THRD.NO,,,,,,,,,,,,,0.004097427725927612
ZMB,EN.MAM.THRD.NO,,,,,,,,,,,,,0.0035231943628890195
ZMB,ER.MRN.PTMR.ZS,,,,0.0,0.0,,,,,,0.0,,
ZMB,EN.HPT.THRD.NO,,,,,,,,,,,,,0.001328374070138151
ZMB,ER.LND.PTLD.ZS,,,,0.664516129032258,0.6647004608294931,,,,,,0.6976958525345622,,
ZWE,EN.BIR.THRD.NO,,,,,,,,,,,,,0.003869792852264967
ZWE,EN.MAM.THRD.NO,,,,,,,,,,,,,0.0026423957721667646
ZWE,ER.MRN.PTMR.ZS,,,,0.0,0.0,,,,,,0.0,,
ZWE,EN.HPT.THRD.NO,,,,,,,,,,,,,0.0011291179596174283
ZWE,ER.LND.PTLD.ZS,,,,0.31152073732718893,0.31152073732718893,,,,,,0.4905069124423963,,
