CountryCode,AG.LND.TOTL.RU.K2,AG.LND.EL5M.RU.ZS,SP.RUR.TOTL,AG.LND.TOTL.UR.K2,AG.LND.EL5M.UR.ZS,SP.URB.TOTL
ARB,0.11850189509066372,0.009107598408234654,0.022101663603614922,0.05324828703445749,0.003629240148546173,0.011790265865465803
CSS,0.003517339743000787,0.06754951868799978,0.0009502961274541774,0.0025739920270716064,0.012208720740989002,0.0004166589762968931
CEB,0.007419198775810835,0.022207559823131193,0.014394873123048298,0.019588030585955683,0.008360142446689952,0.012499929202742873
EAR,0.24435815601011365,0.01823679829524385,0.27084387470176396,0.2468605840649938,0.0036478435991075648,0.08161068882793264
EAS,0.1976697805795439,0.022843237262917596,0.28250603853441264,0.19331157498332074,0.009800892235592738,0.07858734170261283
EAP,0.12356175844687464,0.029482848546719984,0.2673055089442406,0.14045178218188603,0.011597689276286285,0.05198802883334566
TEA,0.12249834947510103,0.029468050086362926,0.2653573728678198,0.13978249872119378,0.011662325439352176,0.05004552492391982
EMU,0.019455655492251835,0.03418235710010138,0.0278568804438734,0.10764776856892572,0.03978131360693897,0.0479223233459906
ECS,0.19736948724344194,0.01999372213297502,0.0852733128660213,0.2373339129914057,0.006487633543896738,0.11116617830690352
ECA,0.16413545090087642,0.01409466252275707,0.044824740634668875,0.08581190782079369,0.0009049062441971649,0.04110611999142785
TEC,0.16662073925425186,0.014141628790227739,0.04943826114164476,0.0942160737421568,0.0010577385529763614,0.04533397016253997
EUU,0.03071695349015172,0.03292870841498016,0.044763118791259784,0.15096840460184416,0.033059008822495003,0.07209327756974644
FCS,0.10977956009884927,0.01032675245410733,0.03523854411404466,0.023278842517374485,0.001357711187901218,0.008760974862049293
HPC,0.12413925735861352,0.007751036518151698,0.05149159251439841,0.018300096611890557,0.0006434927215939386,0.008412284977295273
HIC,0.29392162419321827,0.022790616262676755,0.07593544729410485,0.48719339335623285,0.008558015732233233,0.14277398730764726
IBD,0.5495563813483777,0.01684500846944737,0.4935358587727443,0.4764769429188608,0.004363019648416878,0.17251799881067262
IBT,0.7144547898526313,0.0157479847469638,0.6138461362040049,0.5226230106463278,0.0036176133924499423,0.19342928926482533
IDB,0.03145171866243751,0.05462396786353767,0.036531159296619084,0.018752314079516347,0.03374805978502711,0.00863168353232413
IDX,0.13344668119568256,0.012391547297031177,0.08377911813464142,0.027393753647951997,0.001068650977544314,0.012279125193813056
IDA,0.16489840418118692,0.011915957997308371,0.1203102774312605,0.04614606772746835,0.001013825841020366,0.020911049590144948
LTE,0.34982557304740985,0.016994141759710788,0.27905712112762904,0.26521638642728773,0.004948515742152253,0.09775331491952494
LCN,0.16214747155594836,0.017138530028477983,0.036435366557671524,0.1273683795159628,0.002745796932919364,0.04068685248275824
LAC,0.1541402133506846,0.016807309731471272,0.03490101528591021,0.11922266232461773,0.0026674425283520512,0.037794404516493754
TLA,0.16112442380853303,0.015802356154149193,0.034992302196394744,0.12195828790795951,0.0025872243627290403,0.03888874505610515
LDC,0.1344683129009806,0.011051837069761952,0.07937737156542797,0.019783794748437854,0.0008713729840680789,0.009790275663416337
LMY,0.7056219106040879,0.01598193454853851,0.6110798295354197,0.5113422016470374,0.0036168631245091566,0.19004440278072093
LIC,0.07779911000165049,0.05462396786353767,0.04880386037834509,0.01094377108947371,0.03374805978502711,0.007569493868107556
LMC,0.16972298319253804,0.02402850471580143,0.2743957729906564,0.14143720302913287,0.0043415729455936235,0.06729863267171789
MEA,0.09519423492135393,0.010820565104350218,0.02353272894339963,0.07199864087386953,0.004661722555207461,0.014728978593039725
MNA,0.07435659782272877,0.011039507656800965,0.02229125445660082,0.05322860030035513,0.003868498009260768,0.013007381494295468
TMN,0.0743252449964039,0.01104656464979266,0.02229125445660082,0.052540740418546124,0.0038698212602849627,0.013007381494295468
MIC,0.6282792571589985,0.01696232433897673,0.5622759691570746,0.5018628355542907,0.003974610435462685,0.18247466804860563
NAC,0.15773298905830435,0.0244429254421183,0.01750088438647478,0.25586208177896724,0.004620833822556352,0.04149537137508896
INX,0.03855609279622606,0.05462396786353767,0.027947405456061523,0.03395709864256635,0.03374805978502711,0.011813568901392742
OED,0.29117347991430764,0.022266881988169583,0.08580481594263066,0.4990797881792727,0.008196833670333777,0.1494832135204534
OSS,0.012213139578014938,0.014334968563509649,0.002213270729547971,0.004585129408115428,0.0020432116518046485,0.0008950211035471119
PSS,0.0005658490320664068,0.04332957713283868,0.00024978657351210754,0.0006877186168010443,0.009548858647214272,7.558262900883784e-05
PST,0.2670780023904625,0.02209530826910352,0.07832381871289944,0.46113999955057977,0.008545047352494492,0.1428684377828064
PRE,0.1363090264837243,0.007938201665908045,0.05868071307430428,0.022776826812718486,0.0009502486326479541,0.01045946242497256
SST,0.01629633699921578,0.02696769372669602,0.003413353430514256,0.00784684005198808,0.004523267036969803,0.0013877444368683664
SAS,0.035041988211685464,0.03022442167770982,0.17105075545083476,0.07541421067995883,0.005237085813474751,0.0330189512653022
TSA,0.035041988211685464,0.03022442167770982,0.17105075545083476,0.07541421067995883,0.005237085813474751,0.0330189512653022
SSF,0.15484402249132195,0.0057201387580230545,0.07071619009070994,0.038711199176514076,0.0005463453632379614,0.013133512042623929
SSA,0.1548423411355327,0.005713769832804644,0.07070655476316443,0.038677443336154374,0.0005439010144283385,0.013128312359817195
TSS,0.15484402249132195,0.0057201387580230545,0.07071619009070994,0.038711199176514076,0.0005463453632379614,0.013133512042623929
UMC,0.4585562696433945,0.01448177669697501,0.28788019616641825,0.3604256325251592,0.0038457900628333804,0.11517579451287997
WLD,1.0,0.018014165471904233,0.6870152768295246,1.0,0.005094260451252993,0.33281863095237596
AFG,0.03855609279622606,0.05462396786353767,0.002903989775837704,0.03395709864256635,0.03374805978502711,0.0003182784447966943
ALB,0.0002387087943119564,0.08276789578335479,0.0004300430185512832,0.00046548869922236855,0.01320140521778227,0.0001680662136468432
DZA,0.020445407058886877,0.0002967081548484671,0.0025969865858273895,0.00831997781511694,0.000381956508668514,0.0014268816100553308
ASM,7.796385991784023e-07,0.039430689367554624,2.3846403107888175e-06,3.200795746257422e-05,0.061018548552842784,4.528988286152338e-06
AND,0.03855609279622606,0.05462396786353767,1.4214025754522482e-06,0.03395709864256635,0.03374805978502711,4.590818325258207e-06
AGO,0.011165155203394422,0.002202269757441308,0.001700147940040283,0.0003931955884396753,0.0001912539593202951,0.0002514354545684594
ATG,1.4971882538476418e-06,0.1352831886945971,1.3100623239006339e-05,7.33686009028263e-05,0.25398270128768474,5.3938638934043036e-06
ARG,0.024064505551451856,0.015137412473126565,0.0014937147351178981,0.015163259674126177,0.00258168223914096,0.004695352808000015
ARM,0.03855609279622606,0.05462396786353767,0.0002989901731253291,0.03395709864256635,0.03374805978502711,0.00037511092821162
ABW,7.625653607140287e-08,0.0426779700361383,8.603645352410526e-06,4.7625483533486e-05,0.20830323123055888,7.1837069531436564e-06
AUS,0.06835392987089456,0.010484860450058068,0.0005436926805139895,0.010124701661540423,0.0009999930885005181,0.0026477966823723813
AUT,0.03855609279622606,0.05462396786353767,0.0007653432715394053,0.03395709864256635,0.03374805978502711,0.0012097583508028874
AZE,0.03855609279622606,0.05462396786353767,0.0007639811678260671,0.03395709864256635,0.03374805978502711,0.0006429968978833914
BHS,0.00010953204685421163,0.9423026277021724,1.660545150724476e-05,0.00011734905688884097,0.042468830238920556,2.78354366413238e-05
BHR,1.0256453694354866e-06,0.22993323627801435,1.0176687804114841e-05,0.00015134491765877916,0.9403675330207572,4.398623745868881e-05
BGD,0.0011081906381305259,0.16309185342169763,0.017733219393372465,0.003065427008412449,0.028549896183264326,0.0012261981884295666
BRB,1.2812932647144256e-07,0.004489618120717867,4.401303155334051e-05,0.00011582784988995813,0.020672073308921315,2.2023164651962114e-05
BLR,0.0017716082625121893,0.0,0.001493238574105698,0.0021444922169747698,0.0,0.000987675031184421
BEL,0.00016182796946533464,0.05029082078167292,0.00017538656286545412,0.003402636059863753,0.21719445891973502,0.002249741098444053
BLZ,0.00019048918818382598,0.10261687907326898,1.7675781217444168e-05,0.00013998698136781555,0.01755361366134458,1.5221115410086409e-05
BEN,0.0010189849753856938,0.016381235431610085,0.0007157877140032873,0.0003987490914070358,0.004085833496156528,0.00012046403631080639
BMU,1.9948048932143025e-07,0.1335962914568653,0.0,1.0639810085305888e-05,0.19955249542011166,1.3416373545743233e-05
BTN,0.03855609279622606,0.05462396786353767,8.264579769187765e-05,0.03395709864256635,0.03374805978502711,4.2695007726357425e-06
BOL,0.03855609279622606,0.05462396786353767,0.000800552339693691,0.03395709864256635,0.03374805978502711,0.00044479089914983296
BIH,0.0004413287279275809,0.0012942402453772386,0.0008076522721098043,0.000474786031130281,0.0025104808580441083,0.0002537591714598358
BWA,0.03855609279622606,0.05462396786353767,0.00018913799849164345,0.03395709864256635,0.03374805978502711,1.3290478646840922e-05
BRA,0.07371973773814841,0.010286608150319019,0.012399815715657625,0.037191998936706994,0.001805594403980246,0.013233934455295082
VGB,9.508849389007079e-07,0.4833924991815923,2.410897020879156e-06,1.418196422570658e-05,0.06014408832212164,1.6413516405212434e-07
BRN,4.2427463096048114e-05,0.0021685613011206634,1.465153924962329e-05,0.00028023728783712617,0.011546392095412616,1.9604343724531338e-05
BGR,0.0009288285555921524,0.002352378701833343,0.0011946882746291857,0.0018402771891373113,0.0032957771381896977,0.0011022823474054642
BFA,0.03855609279622606,0.05462396786353767,0.0015640178139328153,0.03395709864256635,0.03374805978502711,8.001154699073449e-05
BDI,0.03855609279622606,0.05462396786353767,0.0009904662387194645,0.03395709864256635,0.03374805978502711,2.417132396242343e-05
CPV,3.5002624028640686e-05,0.05933777490848342,6.41224262711802e-05,4.970139585841089e-05,0.012390048293049613,1.288200308728609e-05
KHM,0.0015769861880895835,0.04775639060353177,0.0017340553834202027,0.00031743283758438236,0.002785305901673423,0.00027714433516599744
CMR,0.004107129335665312,0.0006012339267790751,0.0015348448389071623,0.0010140780325208147,0.00015518921284172994,0.000328801718801785
CAN,0.08125694432206781,0.031148218537918576,0.0015316043478551143,0.03485816528901683,0.0009425057842438062,0.004005665042995521
CYM,5.736701216713293e-07,0.05789875997512148,0.0,4.435195811383612e-05,0.3775766798791337,2.029713813860914e-06
CAF,0.03855609279622606,0.05462396786353767,0.00039118367765601146,0.03395709864256635,0.03374805978502711,0.00012459845458836745
TCD,0.03855609279622606,0.05462396786353767,0.0009505704953236608,0.03395709864256635,0.03374805978502711,0.00010441976194635871
CHI,0.03855609279622606,0.05462396786353767,2.28518933358148e-05,0.03395709864256635,0.03374805978502711,1.0619867921605526e-05
CHL,0.006345759368839766,0.009046911892662006,0.0006989760440651084,0.003313993390557962,0.0002883694456738202,0.0017862770308574275
CHN,0.07932957912179966,0.016457752569608637,0.19941180367097897,0.10489020519183748,0.01142235761222067,0.03535631347518839
COL,0.009755415848850545,0.009555906330276068,0.0029405323308415213,0.009955643069061874,0.002569391258322916,0.003002851088139744
COM,1.3223465587660287e-05,0.013964827130094231,5.471042827104464e-05,5.411691964757065e-05,0.0015911001192494595,1.0835652274950907e-05
COD,0.020384008453364754,0.00037371655509234016,0.004450627417806002,0.002496815426474102,5.020307653527055e-05,0.0012224655412494886
COG,0.0030272324988825997,0.00019682129140607277,0.00024509458792472844,0.0002995503855780725,5.2782239392889644e-05,0.0001323676845624414
CRI,0.00041575998719279173,0.010189341999243123,0.0003336687967319471,0.001116344579699958,0.0010647355245405178,0.00017801315222717602
CIV,0.002815997849204566,0.002172692174564938,0.0011110361663966548,0.000955046422683771,0.0018096188711405246,0.0003663730276248875
HRV,0.00045636666635215145,0.014886902163380053,0.0007782471169623413,0.001461102166132107,0.008187344272324657,0.00044003023445209115
CUB,0.0008984404419667805,0.15110957893272184,0.0010216123022516814,0.0026375375753784976,0.006924382315551662,0.0013039647338799149
CUW,0.03855609279622606,0.05462396786353767,9.202829377056337e-06,0.03395709864256635,0.03374805978502711,2.79538821379242e-05
CYP,6.216206901182487e-05,0.014319043337045933,0.00010724036952773321,0.0006283285298978338,0.03897408306638855,6.186678949055775e-05
CZE,0.03855609279622606,0.05462396786353767,0.0010353038489773275,0.03395709864256635,0.03374805978502711,0.0015762500722377854
DNK,0.00029557590947623707,0.2102719194291399,0.00029463981978833885,0.0025611395013872516,0.1262746577512568,0.0009756415150193226
DJI,0.0001915224076565699,0.011691532742125851,1.8003842583966147e-05,4.12829854473659e-05,0.00330210861742948,2.4251032567053884e-05
DMA,4.501366558459179e-06,0.009335477456071805,1.2856937367830839e-05,6.924258235484216e-05,0.014307856546944199,6.586016575120262e-06
DOM,0.00038270094665547843,0.029564803599505304,0.0007943265492101357,0.001402297657177415,0.00498980544113064,0.00044936955011799806
ECU,0.00218667905405439,0.02317776292997907,0.0010878420507720221,0.0030048810375293417,0.01013354164058831,0.0005920280873337106
EGY,0.008509113159683427,0.024242155178946737,0.006050882441855629,0.006687281547978538,0.012659595448292189,0.00360927837349623
SLV,0.00014624628914074867,0.012935659757451633,0.0006558557406548393,0.000991446616217159,0.003352526447596281,0.00035869617023935726
GNQ,0.0002397303782838129,0.004290240030564345,6.60539170684998e-05,2.685657470003547e-05,0.0006442874738841768,2.027429330488328e-05
ERI,0.001093433174690153,0.02168090620766007,0.0004672242901544893,0.00010101498860111115,0.00046274405212642136,5.641680676647904e-05
EST,0.0003622565831824171,0.030925485671177897,0.0001406495254543655,0.0007204344132652343,0.004604061294758987,0.00021910157219042113
ETH,0.009999572359249394,0.0,0.007663062142555273,0.001423607436831246,0.0,0.0006057151224964232
FRO,1.2339188505231317e-05,0.12148432620241163,8.30744606105435e-06,9.243509866727981e-05,0.044420428148858035,2.4717116837743504e-06
FJI,0.00015384501616133925,0.04474051491646347,0.00010018970532044113,0.0004812445389114358,0.02798308889679688,4.46852397080182e-05
FIN,0.002591065860295457,0.007379889359451543,0.0004932440998155856,0.005525061718803974,0.005362089426808314,0.0007284105031100623
FRA,0.004096756748813296,0.019010306712566517,0.004443449010278832,0.02382353957028835,0.026468981619037997,0.009180784190579664
PYF,3.38724768744397e-05,0.36074802860442173,1.4616431963098005e-05,6.561848811265993e-05,0.0014611831349589783,1.4894086649032479e-05
GAB,0.002338060210577099,0.0055625901244731255,0.00011838531039383109,0.00023047973475401307,0.0007101561743951264,4.665014372185248e-05
GMB,9.357732268193203e-05,0.291673688509604,0.00010623110879493493,0.00012293870006493577,0.030931607911646352,2.141281029002547e-05
GEO,0.000580641098237247,0.020467777079871977,0.0006319609543957734,0.0009926847714841797,0.0069141434151789825,0.0004908731501028697
DEU,0.002610681726335254,0.06444096750930023,0.006394015454988678,0.017186231441694753,0.04002789684111863,0.014028491429518149
GHA,0.0020099187839391114,0.00919235347381625,0.0018018207069520065,0.0017191795942338242,0.0024511163138808594,0.0006179388467336303
GIB,1.5934214345584705e-08,0.27406419403819454,0.0,1.232629046082136e-06,0.6170509692763432,6.85096698365826e-06
GRC,0.001007683993136184,0.04141420617364556,0.0009281499200794423,0.005102664941946416,0.034352667391146396,0.0014019204011354947
GRL,0.0021704112806298684,0.183875044882831,3.731108005758527e-06,9.188626045844974e-06,0.00017663870312712026,8.1404585221192e-06
GRD,1.3688259587132475e-06,0.024576163180366907,1.888388490081423e-05,4.670736518810567e-05,0.021089573927797218,7.312084986146604e-06
GUM,2.9177828316215535e-07,0.01543272107755163,9.422913711071982e-06,0.00014216374271898587,0.032532584313757024,1.2655789570718033e-05
GTM,0.0009264163355151563,0.006740760371247679,0.001069009794233745,0.0011386044685817434,0.0009116362301092474,0.000495955380666644
GIN,0.00217749210075226,0.01646753300422865,0.001046013341482826,0.00040602616338077747,0.001387714831481929,0.00016717029886333327
GNB,0.00030081395144313883,0.11666207065821627,0.00017822494272814115,8.440766476276998e-05,0.004148387997120362,2.65059666438426e-05
GUY,0.001854686377522481,0.039619210868683225,0.0001467741243473478,0.0001726930409140499,0.00846561760406584,5.1266041701527126e-05
HTI,0.00023402791168305046,0.027324052400850687,0.0011146179946798771,0.00021060329159259793,0.003953572633157775,0.00023082022695155866
HND,0.0009674045757897222,0.036429438016359166,0.0005698266626110966,0.0010201270059540227,0.0008084643734546862,0.00019472712785856557
HKG,2.0635088049609263e-06,0.08086857482045665,0.00014332298957614806,0.00024840597894237035,0.2469620820153355,0.0008621990370048883
HUN,0.03855609279622606,0.05462396786353767,0.0012165371026357067,0.03395709864256635,0.03374805978502711,0.0015428591196731058
ISL,0.0007924636387581031,0.04020180511323179,9.107243151558927e-06,0.0002821022230235337,0.001327822410176704,4.2858397950179356e-05
IND,0.026660526522456936,0.02500974116212304,0.13104499761982924,0.06135824721760285,0.005098842226526551,0.02716204643036202
IDN,0.016447045381588574,0.046363074143634546,0.028095073647313375,0.011593609467016935,0.009844186332694417,0.00486755741293898
IRN,0.013820550969534183,0.014364962306146738,0.004945352809097583,0.01907875709286271,0.002342977926283956,0.00291773819045266
IRQ,0.003715556408557191,0.0522521845795181,0.0012829320619161663,0.0034248679638286266,0.013830797867217753,0.0013827019364502024
IRL,0.0005657610603167852,0.030650803441151557,0.00042119922755827114,0.0015535604727505519,0.016778826268918873,0.00037956666404180355
IMN,2.9785814734332957e-06,0.02884565688284273,7.222365390130031e-06,6.664197512854744e-05,0.015842956036336796,7.4429461532501885e-06
ISR,0.00013973281333307466,0.0019300340420607392,0.0001386711266019407,0.0017631493796304808,0.01342666292450222,0.0006215257339420009
ITA,0.0019968496927004137,0.046859757199969466,0.0056730634296355996,0.020263035809747927,0.057115791467925996,0.008589510727699137
JAM,7.169379401803915e-05,0.04370249199714091,0.0003246388486145867,0.0008267769311070762,0.05252678394356009,0.00019219755915024638
JPN,0.0023315110599791424,0.01701584041320907,0.008657322328373185,0.02994458360159381,0.11028468673878496,0.018623278796322813
JOR,0.0007713178251988107,7.708893176671306e-06,0.00022327644191651527,0.0009324008800119886,8.090127811144794e-06,0.0002386597296206806
KAZ,0.03855609279622606,0.05462396786353767,0.0018729339085299358,0.03395709864256635,0.03374805978502711,0.0015911327364699548
KEN,0.005155311610111387,0.004315893792546604,0.0029779381120669606,0.0011538315058693877,0.00012728762100542605,0.0002874163160001037
KIR,8.806918223725753e-06,0.9898293721007181,1.146149648325443e-05,1.0038350870026183e-06,0.003368748470680624,2.8203437115038247e-06
PRK,0.0010666304757492335,0.031218195786961504,0.001947115899977075,0.0006457459841544203,0.003863846941123756,0.0019391953815501531
KOR,0.0006901511485153763,0.041935702191341524,0.005640036028572528,0.006040267273921563,0.028074939431197474,0.0032584520001620225
XKX,0.03855609279622606,0.05462396786353767,0.027947405456061523,0.03395709864256635,0.03374805978502711,0.011813568901392742
KWT,0.00012006414198792327,0.12322603543691679,3.1590362469251e-05,0.0010862385556463417,0.06133896922744439,0.00015860224464908434
KGZ,0.03855609279622606,0.05462396786353767,0.0005460640449601259,0.03395709864256635,0.03374805978502711,0.0002751277819628699
LAO,0.002038167571210886,0.0,0.0007167984498321581,0.00028070171357763866,0.0,6.401296229373855e-05
LVA,0.0005379244080538216,0.023610405156847147,0.0002734370838615689,0.0009033438505898163,0.026686581928280398,0.0003554231511813073
LBN,7.228929289410055e-05,0.006061177182577265,0.00027466790402445537,0.0006385297567673722,0.004367674016406314,0.0003390476267278346
LSO,0.03855609279622606,0.05462396786353767,0.00027853501588809753,0.03395709864256635,0.03374805978502711,2.1840405982155213e-05
LBR,0.0008554469800367281,0.004576160535290082,0.00030914384943071306,0.00011965774139110164,0.002181053643958649,9.13003712390517e-05
LBY,0.014373519700637764,0.008474607178384268,0.0003167863221822885,0.0027781827686544965,0.0027388356264904773,0.0002629077824268137
LIE,0.03855609279622606,0.05462396786353767,5.115928198613001e-06,0.03395709864256635,0.03374805978502711,7.33517813328253e-07
LTU,0.0005309731854137265,0.019602901361258508,0.0004672561522296551,0.0012704491119589544,0.006129306665419282,0.00038610326624832113
LUX,1.5942546958982667e-05,0.0,2.5641890047324122e-05,0.0002207259482578367,0.0,6.239743524786393e-05
MAC,9.569226382648889e-08,0.35935207751738485,2.155705400338227e-06,4.883672179944235e-06,0.7810745932990295,5.907822989554208e-05
MKD,0.00019645174174640518,0.0,0.00026866367297098833,0.0007349467162268296,0.0,0.0002009265204542166
MDG,0.0052581720525847865,0.013271753305797378,0.0016665771135841057,0.0006261282242783291,0.0007499626408595626,0.0002300099802945207
MWI,0.0008310725040788708,0.0,0.0012759758038575137,0.0005001232466305907,0.0,6.895489578082687e-05
MYS,0.002798292862696334,0.01867265674151127,0.002121074569844358,0.004288678225515892,0.013186218639222319,0.0008972539377304049
MDV,2.6056606367366483e-06,0.8255919470448086,3.009195987881472e-05,0.0,0.0,3.177915021995593e-06
MLI,0.011120516207760323,0.0,0.0015035792925930738,0.0008019226068295926,0.0,0.00021144582144474634
MLT,2.696316136535324e-07,0.02600917781681734,9.19751903119537e-06,8.082548339337527e-05,0.05744471579470407,6.716977067587873e-05
MHL,2.5434828226210272e-06,0.7949377903247458,2.798257249515271e-06,0.0,0.0,2.468235296033458e-06
MRT,0.009312670987461512,0.019288515929395823,0.0002895852555863415,0.0002126026642632614,0.0009211136469533497,4.130867395797163e-05
MUS,6.504532811542535e-06,0.01943273890660308,0.00014125992020916226,0.00035158614174043827,0.010606117647318123,8.596957895180359e-05
MEX,0.016382112375715793,0.03753963659188984,0.0062901981934067675,0.028219702280439362,0.004330563008248808,0.007625102414724277
FSM,4.623019407373411e-06,0.11448912279289149,1.3627232536885596e-05,6.698571188518895e-05,0.03773529095973916,3.543432361609401e-06
MDA,0.00027923367548323986,0.01581786554374982,0.0006100554827000688,0.0007184618138769432,0.00655592159795966,0.00024215027122594644
MCO,0.0,0.05611970733554354,0.0,5.291851521833047e-07,0.9786096217113278,5.590528114174776e-06
MNG,0.03855609279622606,0.05462396786353767,0.0002073067568165141,0.03395709864256635,0.03374805978502711,0.00014282143081271429
MNE,0.03855609279622606,0.05462396786353767,0.00011057615178606418,0.03395709864256635,0.03374805978502711,3.392631627677699e-05
MAR,0.005901555910406305,0.0031037178902157308,0.0030928885137463894,0.0033222387021922604,0.0015151774696327877,0.0013695361111352134
MOZ,0.006884038143661486,0.02384289862920256,0.002514198293854909,0.0007547284110220855,0.001158194989263188,0.0001585265090590149
MMR,0.005885784725038999,0.06421893613217289,0.006006163429321995,0.0019177251995362453,0.0030526594262768256,0.0014953212555102755
NAM,0.007355512167533864,0.0034372610438752043,0.00017890584707520296,0.0006799577787320939,0.0002595887503100914,4.295648174715453e-05
NRU,8.556714323108811e-08,0.12071004070043752,0.0,3.302830594988851e-06,0.04294895436779115,1.3714349637819706e-06
NPL,0.03855609279622606,0.05462396786353767,0.003399592259253988,0.03395709864256635,0.03374805978502711,0.000117618116318066
NLD,0.00019152518553199895,0.5969790396879174,0.0014746771452063302,0.003527663783195177,1.0,0.0019961855439804693
NCL,0.0001660513633381094,0.05073031392079636,1.6113949495890786e-05,5.7430566911938506e-05,0.005139351278216838,1.4007359461694907e-05
NZL,0.0022705517380435833,0.015165388532737951,0.00015667113393611837,0.002236319001177423,0.004925108216381488,0.0005658258079903758
NIC,0.0010348832086367343,0.05423489474602804,0.0003747543526198221,0.0007941941925861322,0.000803774452607232,0.0002798132076973624
NER,0.03855609279622606,0.05462396786353767,0.001213658010121419,0.03395709864256635,0.03374805978502711,9.825314672083609e-05
NGA,0.007872535901714689,0.007391760892392942,0.013582420003260966,0.004738152436040337,0.0018162052820144467,0.002468564807928613
MNP,3.3893174518654883e-06,0.05354824307029861,1.1594255129778613e-06,2.9898931921202876e-05,0.006439699926057552,2.042874424594292e-06
NOR,0.0026136210029907548,0.031053707257941196,0.0003956706248893143,0.0055884432186991215,0.011584649015525863,0.0006291328152593032
OMN,0.0027520873707347197,0.012812441937626965,0.0001502004775045297,0.0015571418805573939,0.004735038978318357,5.30797228486326e-05
PAK,0.006724050900961661,0.027502378854288096,0.012884779806199105,0.009883950335950686,0.0007968993782376389,0.003579540607820408
PLW,4.005465642342435e-06,0.034217848699000755,1.3644638670540989e-06,8.4704809247574e-06,0.0038409665399740034,1.4613244182250403e-06
PAN,0.000641481513686916,0.028545115634323787,0.0002346892602293775,0.0007968848900232307,0.00476313461666177,0.00017948689231590427
PNG,0.004109744076323338,0.008437205501797315,0.0006726390887484265,0.0005520634469459721,0.00011336819483546532,6.12420329508374e-05
PRY,0.03855609279622606,0.05462396786353767,0.0004593682234916171,0.03395709864256635,0.03374805978502711,0.00022746923748274864
PER,0.011237978833523645,0.005548276358354617,0.0016764452112898556,0.004525862404127653,0.0007086451724354527,0.0019014857621576452
PHL,0.002529281220880635,0.04313159214883877,0.0070794837492987725,0.002980557332250934,0.011224639807010236,0.002931854311187963
POL,0.0024852840303086297,0.01698512815042821,0.004613520506975887,0.008404165921363125,0.010310732151052366,0.004227609307104351
PRT,0.0007002729957707851,0.015334724047119877,0.0015671647838938674,0.003517106300667988,0.026146856602396025,0.0008361666040340373
PRI,4.109665495753101e-06,0.015759307570308148,0.0003341520382052951,0.0023451830342619525,0.21306186436562058,0.00039342404220381994
QAT,8.747122080763542e-05,0.20753958191789784,3.7626750617098327e-06,0.0004119649164803827,0.03020276340292978,2.378594155000452e-05
ROU,0.0019593834836052204,0.041197932011232265,0.003565496019507827,0.00429689931768505,0.004974555416647887,0.0020271780373173434
RUS,0.14585593668214872,0.013972164787282646,0.0144380388594176,0.05167319173357067,0.0004404986841761542,0.020228532371482862
RWA,0.03855609279622606,0.05462396786353767,0.0010722830324186024,0.03395709864256635,0.03374805978502711,2.9536880127080465e-05
WSM,2.4579054928612565e-05,0.0062488142157326775,3.364251612530036e-05,2.9794284296410476e-05,0.0011840157137775326,6.995237074905287e-06
SMR,2.9094383205889462e-08,0.0,2.269582817134526e-06,1.5920818340433764e-05,0.0,2.6010829704175527e-06
STP,8.34419833502816e-06,0.015063713448598371,1.5439830590762434e-05,1.8801587781387573e-05,0.0030239686678266296,5.201669314014978e-06
SAU,0.01710566036929832,0.005768927487951157,0.0008838412792731746,0.011358553950697622,0.004418697430621237,0.0007050963570391788
SEN,0.0017286700780221951,0.06199964258408461,0.000879231899065855,0.0004949126816459304,0.005245428578431527,0.00031691793562295514
SRB,0.03855609279622606,0.05462396786353767,0.001110212472749776,0.03395709864256635,0.03374805978502711,0.0009490148680581891
SYC,1.6770327224376961e-06,0.257942882922544,9.635327545510675e-06,3.375584035970193e-05,0.09734766478742196,4.958818798972652e-06
SLE,0.0006395182918441433,0.05140205852044492,0.0006038898761362713,0.00019576251360913237,0.0008071277705173281,0.00015999776601364248
SGP,9.223637525650461e-07,0.0672597541317529,0.0,0.00015583111186337424,0.1966601028231734,0.0005148853051694423
SXM,0.03855609279622606,0.05462396786353767,0.0,0.03395709864256635,0.03374805978502711,7.337412953973104e-06
SVK,0.03855609279622606,0.05462396786353767,0.0007891660731101335,0.03395709864256635,0.03374805978502711,0.00046243108380076024
SVN,0.00015815160183493975,0.00018517353776952396,0.0003205714187043002,0.0006913586158240846,0.003801452357440638,0.00015825237105430453
SLB,0.0002528228451809991,0.028971372740071645,4.30719202590913e-05,1.9868593690625057e-05,0.0009212979800971897,3.3082795622790503e-06
SOM,0.0056738436980008616,0.0048542160727929684,0.0007857532908368185,0.00010985995250775893,0.00011663161998367913,0.00019373064614397982
ZAF,0.0004781991498756086,0.0010051896242233163,0.0034647885554659414,0.01473014988664935,0.0005498455907702287,0.00267116967872145
SSD,0.03855609279622606,0.05462396786353767,0.0009832406281179752,0.03395709864256635,0.03374805978502711,7.795476701517663e-05
ESP,0.0038654810647477593,0.007742058974980869,0.003388027506045659,0.019230802516779704,0.017446528997055673,0.005544706840615717
LKA,0.0005465971972323041,0.03131899170053827,0.0029714388387715655,0.0011065861179928528,0.018007265519783783,0.0006061360137264813
KNA,3.2030683956673445e-07,0.03645549701209355,8.721062999780804e-06,6.355602120038783e-05,0.07691854406323798,3.5642906880547543e-06
LCA,2.3533992733658945e-06,0.013361434581153266,2.338263290269703e-05,9.677050914983531e-05,0.03640766961618211,5.942636529645143e-06
MAF,0.03855609279622606,0.05462396786353767,0.027947405456061523,0.03395709864256635,0.03374805978502711,0.011813568901392742
VCT,2.881209402573217e-06,0.05183511686615493,1.849740972982161e-05,3.077198833981215e-05,0.024106626460218616,6.650578061736832e-06
SDN,0.02226847110967377,0.001248662668976771,0.002532107140251807,0.001795798580055932,6.400863559673703e-05,0.0004216051311119525
SUR,0.0012520850943260695,0.04504228463807751,5.9204455965495474e-05,0.00019086357290525174,0.009499965092379995,4.211966555523977e-05
SWZ,0.00014804813381915507,0.0,0.00011873667827829843,0.00022105321252687736,0.0,1.0500677484774936e-05
SWE,0.003493090449377086,0.011770112332517745,0.00045002171975710016,0.008583532830699611,0.014693713500784716,0.0016181176996818104
CHE,0.0002700465302210177,0.0,0.000777384775798363,0.0021762109510126523,0.0,0.0008802402478130685
SYR,0.0015516274807672325,0.0003885351535348114,0.0010614493368238,0.003294066934449011,0.00020085248414369167,0.000683277057696879
TJK,0.03855609279622606,0.05462396786353767,0.0005456625238091939,0.03395709864256635,0.03374805978502711,0.0002680607823124562
TZA,0.007930197725847408,0.001529368272305034,0.00369872168144856,0.0009384162189729577,0.00019495554545520796,0.0002650338418437794
THA,0.004241575196773831,0.03752819061153488,0.008608667759518143,0.010083733155019418,0.0369409998402973,0.0019129863977447466
TLS,0.00013032136127163406,0.011899043445719041,0.00015551908390350295,9.90322818431285e-05,0.0009020952790390406,1.912162245536745e-05
TGO,0.0004957879909567452,0.005912776634890415,0.0004913070036531905,0.0004582338256696634,0.004446073617808032,0.00011154561187495752
TON,4.936458111399437e-06,0.10493079650758881,1.9865708846664187e-05,5.009958279454032e-05,0.06901733997556543,3.988409992443602e-06
TTO,2.5750939681261092e-05,0.031323398093747665,0.0002459418831087672,0.0006300775268628045,0.04088136684703037,2.7656154359257788e-05
TUN,0.001293766503746737,0.02542144753334704,0.0008437652791373123,0.0027272059624534385,0.023753679175860545,0.0005461385275868832
TUR,0.006471819275304202,0.00787232889980438,0.006355208037475158,0.012148350425154917,0.0042798742635501265,0.003310917147320747
TKM,0.03855609279622606,0.05462396786353767,0.00033818613094434324,0.03395709864256635,0.03374805978502711,0.00026020364939121976
TCA,8.634398772468321e-06,1.0,8.124829167279975e-07,4.8196855846792645e-06,0.033470963066554775,4.740302998116571e-07
TUV,3.424180386787423e-07,0.5924067442847456,1.6786593304946643e-06,0.0,0.0,1.596655226709772e-07
UGA,0.03855609279622606,0.05462396786353767,0.0026010599161219662,0.03395709864256635,0.03374805978502711,0.0001560689512396142
UKR,0.00495509638392025,0.01983264545948577,0.006274651270841142,0.008861226740198258,0.005381520833419778,0.0064107500175218015
ARE,0.0006312913209458829,0.059861383613262244,1.403435905289309e-05,0.002360821489450032,0.06683399207935449,4.642417851869449e-05
GBR,0.0016427386417206282,0.05520824468429256,0.0037577839381526673,0.01617351910651399,0.05277968186434112,0.010658818114794712
USA,0.07647583660961366,0.01778495254040336,0.01596928003861967,0.2209932766798651,0.008271812341579846,0.037475808230532176
URY,0.0015093058039331146,0.0254320375465223,0.00014615959932354807,0.0012921676191962957,0.005062838718388227,0.0005744504776621193
UZB,0.03855609279622606,0.05462396786353767,0.0022610130989917827,0.03395709864256635,0.03374805978502711,0.0011037794289547385
VUT,0.0001092155557378333,0.014782344199485696,2.2086613493406512e-05,2.6948758616094852e-05,0.0005391448199741455,2.372386319748859e-06
VEN,0.007766264052892076,0.024634366045895067,0.0009622709573706588,0.009479461674088786,0.004425828319657993,0.0020672260240924213
VNM,0.002845675183626335,0.2650149109012828,0.010299000705311286,0.0020910412532647057,0.03522706510312942,0.0019414227528384248
VIR,5.633458021379901e-07,0.06869119879355702,5.651683092141702e-06,8.321500012634085e-05,0.12592166940586308,1.0645940829662218e-05
PSE,3.134850325804184e-05,0.0009136370749349272,0.00018845709414458164,0.0006878598818090081,0.0019698042406825645,0.000332363029728919
YEM,0.0036789707246996264,0.006968229630837416,0.001584262917489324,0.0012959480087833732,0.0013364952956322908,0.00020431401199430598
ZMB,0.03855609279622606,0.05462396786353767,0.0008576500634484549,0.03395709864256635,0.03374805978502711,0.0003143297649498609
ZWE,0.03855609279622606,0.05462396786353767,0.0012618051459275224,0.03395709864256635,0.03374805978502711,0.00022289133145481375
